Housetrip, 38347, www.housetrip.com
Housetrip, 38347, housetrip.com
sCoolTV.com, 38345, www.schooltv.com
sCoolTV.com, 38345, schooltv.com
Das Keyboard, 38366, www.daskeyboard.com
Das Keyboard, 38366, daskeyboard.com
Hurley, 38369, www.hurley.com
Hurley, 38369, hurley.com
e4hats, 38353, www.e4hats.com
e4hats, 38353, e4hats.com
Say Hello Diamonds, 38333, sayhellodiamonds.com
Say Hello Diamonds, 38333, www.sayhellodiamonds.com
Lashem, 38329, www.lashem.com
Lashem, 38329, lashem.com
Bem Wireless, 38319, www.bemwireless.com
Bem Wireless, 38319, bemwireless.com
Lacewigsbuy.com, 38317, www.lacewigsbuy.com
Lacewigsbuy.com, 38317, lacewigsbuy.com
Arcsoft, 38318, www.arcsoft.com
Arcsoft, 38318, arcsoft.com
Northern Brewer, 38303, www.northernbrewer.com
Northern Brewer, 38303, northernbrewer.com
GlassesSpot.com, 38302, www.glassesspot.com
GlassesSpot.com, 38302, glassesspot.com
Lane Crawford - AUS, 38299, www.lanecrawford.com
Lane Crawford - AUS, 38299, lanecrawford.com
North American Power, 38301, www.napower.com
North American Power, 38301, napower.com
Lane Crawford, 38297, www.lanecrawford.com
Lane Crawford, 38297, lanecrawford.com
Pebble Grey, 38295, www.pebblegrey.com
Pebble Grey, 38295, pebblegrey.com
Lane Crawford - US, 38298, www.lanecrawford.com
Lane Crawford - US, 38298, lanecrawford.com
Bric's, 38291, www.brics.it
Bric's, 38291, brics.it
Derailed, 38289, www.derailed.com
Derailed, 38289,derailed.com
Nunn Bush Canada, 38287, www.nunnbush.com
Nunn Bush Canada, 38287, nunnbush.com
Stacy Adams Canada, 38285, www.stacyadams.com
Stacy Adams Canada, 38285, stacyadams.com
CleanerFilters, 38279, www.cleanerfilters.com
CleanerFilters, 38279, cleanerfilters.com
Florsheim Canada, 38283, www.florsheim.com
Florsheim Canada, 38283, florsheim.com
Nourish Organic, 38269, nourishorganic.com
Nourish Organic, 38269, www.nourishorganic.com
untuckit.com, 38281, untuckit.com
untuckit.com, 38281, www.untuckit.com
zwell.ca, 38255, www.zwell.ca
zwell.ca, 38255, zwell.ca
JuiceBeauty.com, 38268, www.juicebeauty.com
JuiceBeauty.com, 38268, juicebeauty.com
RUNWAY BIDDER Australia, 38251, runwaybidder.com
RUNWAY BIDDER Australia, 38251, www.runwaybidder.com
DiaperDude.com, 38253, diaperdude.com
DiaperDude.com, 38253, www.diaperdude.com
Jam Paper & Envelope, 38247, www.jampaper.com
Jam Paper & Envelope, 38247, jampaper.com
Fleur du Mal, 38239, www.fleurdumal.com
Fleur du Mal, 38239, fleurdumal.com
SmartWool, 38241, www.smartwool.com
SmartWool, 38241, smartwool.com
Creative Contrast, 38233, www.creativecontrast.com
Creative Contrast, 38233, creativecontrast.com
VisionBedding LLC, 38227, www.visionbedding.com
VisionBedding LLC, 38227, visionbedding.com
Dna Footwear, 38244, www.dnafootwear.com
Dna Footwear, 38244, dnafootwear.com
Toon Boom Animation, 38215, www.toonboom.com
Toon Boom Animation, 38215, toonboom.com
All Time TVs, 38229,www.alltimetvs.com
All Time TVs, 38229,alltimetvs.com
PainReliever.com, 38223, www.painreliever.com
PainReliever.com, 38223, painreliever.com
NEST Fragrances, 38225, www.nestfragrances.com
NEST Fragrances, 38225, nestfragrances.com
Stronghold, 38210, www.fireflyworlds.com
Stronghold, 38210, fireflyworlds.com
BlindSaver, 38207, www.blindsaver.com
BlindSaver, 38207, blindsaver.com
Zjoosh Australia, 38201, www.zjoosh.com.au
Zjoosh Australia, 38201, zjoosh.com.au
Intelligent Nutrients, 38206, www.intelligentnutrients.com
Intelligent Nutrients, 38206, intelligentnutrients.com
Seeking Health, 38205, www.topcashback.com
Seeking Health, 38205, topcashback.com
airportparking.com, 38202, www.airportparking.com
airportparking.com, 38202, airportparking.com
Play.com, 38199, www.play.com
Play.com, 38199, play.com
Mac Game Store, 38173, www.macgamestore.com
Mac Game Store, 38173, macgamestore.com
Sole Society, 38193, www.solesociety.com
Sole Society, 38193, solesociety.com
Aqua by Aqua, 38191, www.aquabyaqua.com
Aqua by Aqua, 38191, aquabyaqua.com
Timberland, 38180, www.timberland.com
Timberland, 38180, timberland.com
ExamZone, 38166, www.examzone.com
ExamZone, 38166, examzone.com
Kyoku for Men, 38176, kyokuformen.com
Kyoku for Men, 38176, www.kyokuformen.com
Fab, 38177, fab.com
Fab, 38177, www.fab.com
Kate Somerville, 38164, www.katesomerville.com
Kate Somerville, 38164, katesomerville.com
Shu Uemura Canada, 38171, www.shuuemura.com
Shu Uemura Canada, 38171, shuuemura.com
Complete Life Supplements, 38163, www.completelifesupplements.com
Complete Life Supplements, 38163, completelifesupplements.com
Damsel in a dress, 38158, damseldress.com
Damsel in a dress, 38158, www.damseldress.com
Julep Beauty Inc., 38156, www.julep.com
Julep Beauty Inc., 38156, julep.com
Slendertone, 38161, www.slendertone.com
Slendertone, 38161, slendertone.com
Map Your Travels, 38162, www.mapyourtravels.com
Map Your Travels, 38162, mapyourtravels.com
Smart Vitamin Club, 38152, smartvitaminclub.com
Smart Vitamin Club, 38152, www.smartvitaminclub.com
OLighting, 38151, www.olighting.com
OLighting, 38151, olighting.com
Stefanel, 38150, www.stefanel.com
Stefanel, 38150, stefanel.com
Tungsten World Inc, 38149, www.tungstenworld.com
Tungsten World Inc, 38149, tungstenworld.com
High Sierra, 38148, www.highsierra.com
High Sierra, 38148, highsierra.com
Abhair, 38143, www.abhair.com
Abhair, 38143, abhair.com
iceonline.com.au, 38137, www.iceonline.com.au
iceonline.com.au, 38137, iceonline.com.au
Donna Karan, 38140, www.donnakaran.com
Donna Karan, 38140, donnakaran.com
Party Supplies Delivered, 38141, www.partysuppliesdelivered.com
Party Supplies Delivered, 38141, partysuppliesdelivered.com
Birchbox, 38138, www.birchbox.com
Birchbox, 38138, birchbox.com
Piping Rock Health Products, 38139, www.pipingrock.com
Piping Rock Health Products, 38139, pipingrock.com
Mountain Warehouse, 38135, www.mountainwarehouse.com
Mountain Warehouse, 38135, mountainwarehouse.com
Kobo Australia, 38131, www.kobobooks.com
Kobo Australia, 38131, kobobooks.com
eWatches, 38129, www.ewatches.com
eWatches, 38129, ewatches.com
C.O. Bigelow, 38132, www.bigelowchemists.com
C.O. Bigelow, 38132, bigelowchemists.com
Shoptiques, 38126, www.shoptiques.com
Shoptiques, 38126, shoptiques.com
Editors' Closet, 38130, www.editorscloset.com
Editors' Closet, 38130, editorscloset.com
The Watchery, 38128, www.thewatchery.com
The Watchery, 38128, thewatchery.com
Continental Couture, 38123, www.continentalcouture.com
Continental Couture, 38123, continentalcouture.com
Depositphotos, 38124, depositphotos.com
Depositphotos, 38124, www.depositphotos.com
Kule, 38121, www.kule.com
Kule, 38121, kule.com
Jones Bootmaker, 38114, www.jonesbootmaker.com
Jones Bootmaker, 38114, jonesbootmaker.com
Stopzilla, 38111, www.stopzilla.com
Stopzilla, 38111, stopzilla.com
rtister, 38109, rtister.com
rtister, 38109, www.rtister.com
Galavantier, 38108, www.galavantier.com
Galavantier, 38108, galavantier.com
iFurn.com, 38110, www.ifurn.com
iFurn.com, 38110, ifurn.com
Localphone, 38097, www.localphone.com
Localphone, 38097, localphone.com
MiH Jeans, 38095, www.mih-jeans.com
MiH Jeans, 38095, mih-jeans.com
ADORNIA Fine Jewelry, 38096, adornia.com
ADORNIA Fine Jewelry, 38096, www.adornia.com
U.S. Money Reserve.com, 38093, www.usmoneyreserve.com
U.S. Money Reserve.com, 38093, usmoneyreserve.com
BBrooks Fine Flowers, 38089, www.bbrooks.com
BBrooks Fine Flowers, 38089, bbrooks.com
Folk, 38087, en.wikipedia.org
Folk, 38087, www.en.wikipedia.org
EliteHotelBooking.com, 38083, www.elitehotelbooking.com
EliteHotelBooking.com, 38083, elitehotelbooking.com
Milly NY, 38084, www.millyny.com
Milly NY, 38084, millyny.com
MTX Audio, 38085, www.mtx.com
MTX Audio, 38085, mtx.com
Globester, 38078, www.globester.com
Globester, 38078, globester.com
Emilie M, 38077, emiliemshop.com
Emilie M, 38077, www.emiliemshop.com
Temptu, 38080, temptu.com
Temptu, 38080, www.temptu.com
Shade Tree Powersports, 38072, www.shadetreepowersports.com
Shade Tree Powersports, 38072, shadetreepowersports.com
Rupert Sanderson, 38073, rupertsanderson.com
Rupert Sanderson, 38073, www.rupertsanderson.com
Emilie M, 38077, emiliemshop.com
Emilie M, 38077, www.emiliemshop.com
sale4theday.com, 38070, sale4theday.com
sale4theday.com, 38070, www.sale4theday.com
Monterey Lighting Solutions, 38071, montereycorp.com
Monterey Lighting Solutions, 38071, www.montereycorp.com
Ghurka, 38069, www.ghurka.com
Ghurka, 38069, ghurka.com
Total Defense, 38065, www.totaldefense.com
Total Defense, 38065, totaldefense.com
Joyus, 38058, www.joyus.com
Joyus, 38058, joyus.com
Vau.lt (dba Vault), 38063, www.namevault.com
Vau.lt (dba Vault), 38063, namevault.com
LoJack for Laptops by Absolute Software, 38060, www.lojack.com
LoJack for Laptops by Absolute Software, 38060, lojack.com
PAPER London, 38064, www.paperlondon.com
PAPER London, 38064, paperlondon.com
The Chimp Store, 38056, thechimpstore.com
The Chimp Store, 38056, www.thechimpstore.com
No Added Sugar, 38052, www.noaddedsugar.com
No Added Sugar, 38052, noaddedsugar.com
Joseph, 38043, www.joseph.co.uk
Joseph, 38043, joseph.co.uk
One2Own.com, 38044, www.one2won.com
One2Own.com, 38044, one2won.com
New York, 38051, www.newyork.com
New York, 38051, newyork.com
Case123, 38038, www.case123.com
Case123, 38038, case123.com
Luta, 38039, www.luta.co.uk
Luta, 38039, luta.co.uk
Hunter, 38042, www.hunter.cuny.edu
Hunter, 38042, hunter.cuny.edu
Halsbrook, 38028, www.halsbrook.com
Halsbrook, 38028, halsbrook.com
education.com, 38036, www.education.com
education.com, 38036, education.com
White Stuff, 38031, www.whitestuff.com
White Stuff, 38031, whitestuff.com
GoDaddy.com - AU, 38023, www.godaddy.com
GoDaddy.com - AU, 38023, godaddy.com
Rogers Publishing e-store, 38030, www.rogerspublishingestore.com
Rogers Publishing e-store, 38030, rogerspublishingestore.com
RedCappi, 38024, www.redcappi.com
RedCappi, 38024, redcappi.com
Luisa Via Roma (UK), 38021, www.luisaviaroma.com
Luisa Via Roma (UK), 38021, luisaviaroma.com
SheInside, 38010, www.sheinside.com
SheInside, 38010, sheinside.com
Fisher Price, 38016, www.fisher-price.com
Fisher Price, 38016, fisher-price.com
Zanui Australia, 38012, www.zanui.com.au
Zanui Australia, 38012, zanui.com.au
Luisa via Roma (US), 38014, www.luisaviaroma.com
Luisa via Roma (US), 38014, luisaviaroma.com
OPUMO, 38013, www.opumo.com
OPUMO, 38013, opumo.com
Vestiaire Collective UK Limited, 38009, www.vestiairecollective.com
Vestiaire Collective UK Limited, 38009, vestiairecollective.com
Upunique, 38011, www.upunique.com
Upunique, 38011, upunique.com
Thompson London, 38015, www.thompsonlondon.com
Thompson London, 38015, thompsonlondon.com
Uniblue Systems Ltd, 38018, www.uniblue.com
Uniblue Systems Ltd, 38018, uniblue.com
Toy Watch, 38001, www.toy-watch.com
Toy Watch, 38001, toy-watch.com
Emmett London, 38000, www.emmettlondon.com
Emmett London, 38000, emmettlondon.com
In Open Space, 37999, www.inopenspace.it
In Open Space, 37999, inopenspace.it
The Editeur, 38002, www.the-editeur.com
The Editeur, 38002, the-editeur.com
Penhaligon's, 38003, www.penhaligons.com
Penhaligon's, 38003, penhaligons.com
Next Photos, 37997, photos.next.co.uk
Next Photos, 37997, www.photos.next.co.uk
Everbuying.com, 37992, www.everbuying.com
Everbuying.com, 37992, everbuying.com
My Tech Gurus, 37994, www.mytechgurus.com
My Tech Gurus, 37994, mytechgurus.com
Ultimate Outlet, 37989, www.ultimateoutlet.com
Ultimate Outlet, 37989, ultimateoutlet.com
Belts Buckles Tees, 37991, www.beltsbucklestees.com
Belts Buckles Tees, 37991, beltsbucklestees.com
VinAudit.com, 37987, www.vinaudit.com
VinAudit.com, 37987, vinaudit.com
Bloomingdales Australia, 37981, www.bloomingdales.com.au
Bloomingdales Australia, 37981, bloomingdales.com.au
Tateossian, 37985, www.tateossian.com
Tateossian, 37985, tateossian.com
Design By Humans, 37986, www.designbyhumans.com
Design By Humans, 37986, designbyhumans.com
StraightAce, 37984, www.straightace.com
StraightAce, 37984, straightace.com
Edon Manor, 37979, www.edonmanor.com
Edon Manor, 37979, edonmanor.com
Macys Australia, 37978, www1.macys.com
Macys Australia, 37978, www.www1.macys.com
The Jewel Hut, 37980, www.thejewelhut.co.uk
The Jewel Hut, 37980, thejewelhut.co.uk
Omorovicza (US), 37973, www.omorovicza.com
Omorovicza (US), 37973, omorovicza.com
photoweavers.com, 37974, photoweavers.com
photoweavers.com, 37974, www.photoweavers.com
Revive Discount Medical, 37975, revivediscountmedical.com
Revive Discount Medical, 37975, www.revivediscountmedical.com
Charles Tyrwhitt (AU), 37970, ctshirts.com
Charles Tyrwhitt (AU), 37970, www.ctshirts.com
ClearRayz.com, 37967, clearrayz.com
ClearRayz.com, 37967, www.clearrayz.com
Boutique 1 (US), 37971, www.boutique1.com
Boutique 1 (US), 37971, boutique1.com
Scrubshopper, 37966, www.scrubshopper.com
Scrubshopper, 37966, scrubshopper.com
Kurt Geiger US, 37968, us.kurtgeiger.com
Kurt Geiger US, 37968, www.us.kurtgeiger.com
gapingvoid art, 37961, www.gapingvoidart.com
gapingvoid art, 37961, gapingvoidart.com
SaveOnTapestries.com, 37959, www.saveontapestries.com
SaveOnTapestries.com, 37959, saveontapestries.com
Incoco, 37954, www.incoco.com
Incoco, 37954, incoco.com
DBA Cases, 37957, www.dbacases.com
DBA Cases, 37957, dbacases.com
Serene Order, 37956, www.sereneorder.com
Serene Order, 37956, sereneorder.com
RedBubble, 37941, www.redbubble.com
RedBubble, 37941, redbubble.com
Jacava, 37953, www.jacivas.com
Jacava, 37953, jacivas.com
Splash Direct, 37955, www.splashdirect.com
Splash Direct, 37955, splashdirect.com
Teleflora, 37947, www.teleflora.com
Teleflora, 37947, teleflora.com
oBaz, 37943, www.obaz.com
oBaz, 37943, obaz.com
FARFETCH.COM Australia, 37938, www.farfetch.com
FARFETCH.COM Australia, 37938, farfetch.com
100 Percent Pure, 37944, www.100percentpure.com
100 Percent Pure, 37944, 100percentpure.com
Sierra Trading Post AU, 37937, www.sierratradingpost.com
Sierra Trading Post AU, 37937, sierratradingpost.com
Healthy Directions LLC, 37931, www.healthydirections.com
Healthy Directions LLC, 37931, healthydirections.com
Dyson Australia, 37939, www.dyson.com.au
Dyson Australia, 37939, dyson.com.au
Smythson, 37925, smythson.com
Smythson, 37925, www.smythson.com
The Urban Retreat Beautique, 37918, www.urbanretreat.co.uk
The Urban Retreat Beautique, 37918, urbanretreat.co.uk
JaguarPC, 37919, www.jaguarpc.com
JaguarPC, 37919, jaguarpc.com
FrontRowShop.com, 37921, frontrowshow.com
FrontRowShop.com, 37921, www.frontrowshow.com
glam-net (US), 37920, www.glam-net.com
glam-net (US), 37920, glam-net.com
Ezy Dog, 37911, www.ezydog.com
Ezy Dog, 37911, ezydog.com
Flash Trash, 37909, www.myflashtrash.com
Flash Trash, 37909, myflashtrash.com
BOTTLETOP, 37907, bottletop.org
BOTTLETOP, 37907, www.bottletop.org
Emerson Fry, 37913, www.emersonfry.com
Emerson Fry, 37913, emersonfry.com
Jill Milan, 37905, www.jillmilan.com
Jill Milan, 37905, jillmilan.com
iMomoko.com, 37903, www.imomoko.com
iMomoko.com, 37903, imomoko.com
ValueBasket.com (AU), 37893, www.valuebasket.com
ValueBasket.com (AU), 37893, valuebasket.com
Young British Designers, 37898, www.youngbritishdesigners.com
Young British Designers, 37898, youngbritishdesigners.com
Ross and Bute, 37897, www.rossandbute.com
Ross and Bute, 37897, rossandbute.com
Mrs. Fields, 37901, www.mrsfields.com
Mrs. Fields, 37901, mrsfields.com
AllStarWine.com, 37890, www.allstarwine.com
AllStarWine.com, 37890, allstarwine.com
Hotwire AU, 37889, www.hotwire.com
Hotwire AU, 37889, hotwire.com
My Favorite Pet Shop, 37895, www.myfavoritepetshop.com
My Favorite Pet Shop, 37895, myfavoritepetshop.com
AT-A-GLANCE, 37891, www.ataglance.com
AT-A-GLANCE, 37891, ataglance.com
Big Brown Box Australia, 37887, www.bigbrownbox.com.au
Big Brown Box Australia, 37887, bigbrownbox.com.au
Manduka, 37873, www.manduka.com
Manduka, 37873, manduka.com
ManPans, 37875, manpans.com
ManPans, 37875, www.manpans.com
99designs, 37877, 99designs.com
99designs, 37877, www.99designs.com
Diamond Delight, 37879, www.diamonddelight.com
Diamond Delight, 37879, diamonddelight.com
Austin Reed (US), 37881, www.austinreed.co.uk
Austin Reed (US), 37881, austinreed.co.uk
Starbucks Canada, 37864, www.starbucks.ca
Starbucks Canada, 37864, starbucks.ca
ASOS.com (AU), 37863, www.asos.com
ASOS.com (AU), 37863, asos.com
Protest Boardwear, 37861, www.protest.eu
Protest Boardwear, 37861, protest.eu
Tazo, 37869, www.tazo.com
Tazo, 37869, tazo.com
Alberto Fermani, 37871, www.albertofermaniusa.com
Alberto Fermani, 37871, albertofermaniusa.com
Interweave Store, 37853, www.interweavestore.com
Interweave Store, 37853, interweavestore.com
Starbucks EMEA Manufacturing B.V., 37865, panjiva.com
Starbucks EMEA Manufacturing B.V., 37865, www.panjiva.com
Language Line Solutions, 37859, www.languageline.com
Language Line Solutions, 37859, languageline.com
Appliances Online Australia, 37851, www.appliancesonline.com.au
Appliances Online Australia, 37851, appliancesonline.com.au
Betsey Johnson, 37850, www.betseyjohnson.com
Betsey Johnson, 37850, betseyjohnson.com
Styletread, 37835, www.styletread.com.au
Styletread, 37835, styletread.com.au
Glassworks, 37849, louisvilleglassworks.com
Glassworks, 37849, www.louisvilleglassworks.com
Threadbare Australia, 37837, www.threadbear.com.au
Threadbare Australia, 37837, threadbear.com.au
Shoemall.com, 37847, www.shoemall.com
Shoemall.com, 37847, shoemall.com
Maryland Square, 37842, www.marylandsquare.com
Maryland Square, 37842, marylandsquare.com
HappyBidDay, 37831, www.happybidday.com
HappyBidDay, 37831, happybidday.com
The Grocery Game, 37832, www.thegrocerygame.com
The Grocery Game, 37832, thegrocerygame.com
coolglow.com, 37819, coolglow.com
coolglow.com, 37819, www.coolglow.com
Seek and Adore, 37826, www.seekandadore.com
Seek and Adore, 37826, seekandadore.com
Local Offer Network Inc., 37822, www.localoffernetwork.com
Local Offer Network Inc., 37822, localoffernetwork.com
Belen Echandia, 37817, www.belenechandia.com
Belen Echandia, 37817, belenechandia.com
Whittard Trading Ltd. T/A Whittard of Chelsea, 37805, www.whittard.com
Whittard Trading Ltd. T/A Whittard of Chelsea, 37805, whittard.com
oo.com.au, 37815, www.oo.com.au
oo.com.au, 37815, oo.com.au
Corsets UK, 37808, www.corsets-uk.com
Corsets UK, 37808, corsets-uk.com
Megamotormadness.com, 37807, www.megamotormadness.com
Megamotormadness.com, 37807, megamotormadness.com
FTCline, 37791, www.ftcline.org
FTCline, 37791, ftcline.org
Oasap Limited, 37793, www.oasap.com
Oasap Limited, 37793, oasap.com
IK Multimedia, 37801, www.ikmultimedia.com
IK Multimedia, 37801, ikmultimedia.com
Madam Rage, 37785, www.madamrage.com
Madam Rage, 37785, madamrage.com
Orb Clothing, 37787, orbclothing.ca
Orb Clothing, 37787, www.orbclothing.ca
ShoeMe.ca, 37788, www.shoeme.ca
ShoeMe.ca, 37788, shoeme.ca
Smyths Toys HQ, 37783, www.smythstoys.com
Smyths Toys HQ, 37783, smythstoys.com
The Adventure Company, 37781, www.theadventurecompany.com
The Adventure Company, 37781, theadventurecompany.com
Avaya, 37784, www.avaya.com
Avaya, 37784, avaya.com
Pendleton, 37782, www.pendleton-usa.com
Pendleton, 37782, pendleton-usa.com
Skin Chemists, 37780, www.skinchemists.com
Skin Chemists, 37780, skinchemists.com
Heal's, 37779, www.heals.co.uk
Heal's, 37779, heals.co.uk
Atterley Road, 37777, www.atterleyroad.com
Atterley Road, 37777, atterleyroad.com
Home & Cook, 37775, www.homeandcook.co.uk
Home & Cook, 37775, homeandcook.co.uk
Anytime Costumes, 37759, www.anytimecostumes.com
Anytime Costumes, 37759, anytimecostumes.com
Costume Discounters, 37763, www.costumediscounters.com
Costume Discounters, 37763, costumediscounters.com
Birthday in a Box, 37761, www.birthdayinabox.com
Birthday in a Box, 37761, birthdayinabox.com
Plus Size Lingerie Boutique, 37765, www.plussizelingerieboutique.com
Plus Size Lingerie Boutique, 37765, plussizelingerieboutique.com
Creative Bioscience, 37772, www.creativebioscience.com
Creative Bioscience, 37772, creativebioscience.com
Wholesale Halloween Costumes, 37767, www.wholesalehalloweencostumes.com
Wholesale Halloween Costumes, 37767, wholesalehalloweencostumes.com
Autism Speaks, 37771, www.autismspeaks.org
Autism Speaks, 37771, autismspeaks.org
DealDash, 37757, dealdash.com
DealDash, 37757, www.dealdash.com
Forever 21, 37768, www.forever21.com
Forever 21, 37768, forever21.com
Wholesale Costume Club, 37766, www.wholesalecostumeclub.com
Wholesale Costume Club, 37766, wholesalecostumeclub.com
Cruise and Vacation Shop, 37769, thecruisevacationshop.com
Cruise and Vacation Shop, 37769, www.thecruisevacationshop.com
ReUseIt.com, 37745, www.reuseit.com
ReUseIt.com, 37745, reuseit.com
Bogs Footwear Canada, 37743, www.bogsfootwear.ca
Bogs Footwear Canada, 37743, bogsfootwear.ca
Detroit Athletic, 37749, www.detroitathletic.com
Detroit Athletic, 37749, detroitathletic.com
Discover & Deliver, 37735, www.discover-deliver.com
Discover & Deliver, 37735, discover-deliver.com
Finish Line, 37731, www.finishline.com
Finish Line, 37731, finishline.com
CheapOair.ca, 37732, www.cheapoair.ca
CheapOair.ca, 37732, cheapoair.ca
1-800-Bakery, 37729, www.1-800-bakery.com
1-800-Bakery, 37729, 1-800-bakery.com
Boutine, 37720, www.boutine.com
Boutine, 37720, boutine.com
Orion Telescopes & Binoculars, 37719, www.telescope.com
Orion Telescopes & Binoculars, 37719, telescope.com
ARTEAST LLC, 37723, www.corporationwiki.com
ARTEAST LLC, 37723, corporationwiki.com
SAMANTHA WILLS, 37721, samanthawills.com
SAMANTHA WILLS, 37721, www.samanthawills.com
Boomphones, 37722, www.boomphones.com
Boomphones, 37722, boomphones.com
Swagger and Swoon, 37714, www.swaggerandswoon.com
Swagger and Swoon, 37714, swaggerandswoon.com
LN-CC, 37711, www.ln-cc.com
LN-CC, 37711, ln-cc.com
Truth in Aging, 37706, www.truthinaging.com
Truth in Aging, 37706, truthinaging.com
Somoto, 37705, www.somotoinc.com
Somoto, 37705, somotoinc.com
netalamode.com, 37693, www.netalamode.com
netalamode.com, 37693, netalamode.com
Coffee Bean Direct, 37701, www.coffeebeandirect.com
Coffee Bean Direct, 37701, coffeebeandirect.com
Jack Rogers, 37707, www.jackrogersusa.com
Jack Rogers, 37707, jackrogersusa.com
MumsWay, 37692, www.mumsway.com
MumsWay, 37692, mumsway.com
Gooseberry Patch, 37677, www.gooseberrypatch.com
Gooseberry Patch, 37677, gooseberrypatch.com
OMG Fashion, 37689, www.omgfashion.co.uk
OMG Fashion, 37689, omgfashion.co.uk
collage.com, 37682, www.collage.com
collage.com, 37682, collage.com
Box Office Ticket Sales, 37678, boxofficetickets.com
Box Office Ticket Sales, 37678, www.boxofficetickets.com
National Air Warehouse, 37656, www.nationalairwarehouse.com
National Air Warehouse, 37656, nationalairwarehouse.com
BistroMD, 37658, www.bistromd.com
BistroMD, 37658, bistromd.com
Tomassa, 37661, www.tomassa.com
Tomassa, 37661, tomassa.com
CBS Interactive Inc., 37660, www.cbsinteractive.com
CBS Interactive Inc., 37660, cbsinteractive.com
Collar and Cuffs London, 37665, collarandcuffslondon.com
Collar and Cuffs London, 37665, www.collarandcuffslondon.com
Brantano Limited, 37657, www.brantano.co.uk
Brantano Limited, 37657, brantano.co.uk
Swanky Maison Limited, 37647, www.duedil.com
Swanky Maison Limited, 37647, duedil.com
Vegas Tickets, 37659, www.vegastickets.com
Vegas Tickets, 37659, vegastickets.com
eFoods Direct, 37643, www.efoodsdirect.com
eFoods Direct, 37643, efoodsdirect.com
Cricket, 37639, www.mycricket.com
Cricket, 37639, mycricket.com
eloquii, 37634, www.eloquii.com
eloquii, 37634, eloquii.com
Maclean's Magazine, 37630, www.macleans.ca
Maclean's Magazine, 37630, macleans.ca
Rogers Magazine Service, 37631, www.rogersmagazineservice.com
Rogers Magazine Service, 37631, rogersmagazineservice.com
Belstaff, 37635, www.belstaff.com
Belstaff, 37635, belstaff.com
Chatelaine, 37629, www.chatelaine.com
Chatelaine, 37629, chatelaine.com
The Articulate Gallery, 37623, www.articulategallery.co.uk
The Articulate Gallery, 37623, articulategallery.co.uk
AHAlife Holdings Inc., 37615, www.ahalife.com
AHAlife Holdings Inc., 37615, ahalife.com
DownEast Basics, 37613, downeastbasics.com
DownEast Basics, 37613, www.downeastbasics.com
American Meadows, 37616, www.americanmeadows.com
American Meadows, 37616, americanmeadows.com
Scrapping Simply, 37617, www.scrappingsimply.com
Scrapping Simply, 37617, scrappingsimply.com
Lab Series, 37611, www.labseries.com
Lab Series, 37611, labseries.com
Wildfox Couture, 37607, www.wildfoxcouture.com
Wildfox Couture, 37607, wildfoxcouture.com
BIOEFFECT, 37598, www.bioeffect.co.uk
BIOEFFECT, 37598, bioeffect.co.uk
1-800-FLOWERS.CA, 37609, www.1800flowers.ca
1-800-FLOWERS.CA, 37609, 1800flowers.ca
Pacifica, 37597, www.pacificaperfume.com
Pacifica, 37597, pacificaperfume.com
Pimsleur Language Programs, 37605, www.pimsleur.com
Pimsleur Language Programs, 37605, pimsleur.com
Omorovicza, 37600, www.omorovicza.com
Omorovicza, 37600, omorovicza.com
Kobo UK, 37589, kobo.co.uk
Kobo UK, 37589, www.kobo.co.uk
Shop The Finest, 37590, www.shopthefinest.com
Shop The Finest, 37590, shopthefinest.com
CountryOutfitter.com, 37587, www.countryoutfitter.com
CountryOutfitter.com, 37587, countryoutfitter.com
Bolongaro Trevor, 37581, www.bolongarotrevor.com
Bolongaro Trevor, 37581, bolongarotrevor.com
InterCall, 37585, www.intercall.com
InterCall, 37585, intercall.com
Paper Culture, 37580, www.paperculture.com
Paper Culture, 37580, paperculture.com
Intuit, 37579, www.intuit.com
Intuit, 37579, intuit.com
Jenna Logan Inc., 37577, www.trademarkia.com
Jenna Logan Inc., 37577, trademarkia.com
Your City My City, 37573, www.ycmc.com
Your City My City, 37573, ycmc.com
Automotix, 37578, www.automotix.net
Automotix, 37578, automotix.net
TeamBuy (US), 37571, www.teambuy.ca
TeamBuy (US), 37571, teambuy.ca
The Body Shop UK, 37567, www.thebodyshop.co.uk
The Body Shop UK, 37567, thebodyshop.co.uk
Brick Harbor (Karmaloop), 37568, www.brickharbor.com
Brick Harbor (Karmaloop), 37568, brickharbor.com
Clear, 37558, www.clear.com
Clear, 37558, clear.com
GreenCupboards, 37563, www.greencupboards.com
GreenCupboards, 37563, greencupboards.com
The Black Bow, 37557, www.theblackbow.com
The Black Bow, 37557, theblackbow.com
The Watch Hut, 37551, www.thewatchhut.co.uk
The Watch Hut, 37551, thewatchhut.co.uk
Pure Matters, 37550, www.purematters.com
Pure Matters, 37550, purematters.com
Fever London, 37547, www.feveraustralia.com.au
Fever London, 37547, feveraustralia.com.au
Rebecca Taylor, 37545, www.rebeccataylor.com
Rebecca Taylor, 37545, rebeccataylor.com
Memory Lane, 37543, memorylaneinc.com
Memory Lane, 37543, www.memorylaneinc.com
Avenue 32 UK, 37544, www.avenue32.com
Avenue 32 UK, 37544, avenue32.com
Hive, 37537, hivemodern.com
Hive, 37537, www.hivemodern.com
PriceAngels, 37540, www.priceangels.com
PriceAngels, 37540, priceangels.com
1ink.com, 37535, 1ink.com
1ink.com, 37535, www.1ink.com
AVENUE 32, 37532, www.avenue32.com
AVENUE 32, 37532, avenue32.com
Impact Battery, 37529, www.impactbattery.com
Impact Battery, 37529, impactbattery.com
Funsational, 37526, www.funsational.com
Funsational, 37526, funsational.com
MEGASUITS, 37528, www.megasuits.com
MEGASUITS, 37528, megasuits.com
Beautyhabit.com, 37519, beautyhabit.com
Beautyhabit.com, 37519, www.beautyhabit.com
Canadian Cartel, 37514, www.canadiancartel.com
Canadian Cartel, 37514, canadiancartel.com
Monica & Joe, 37520, monicaandjoe.co.uk
Monica & Joe, 37520, www.monicaandjoe.co.uk
Any Promo Inc., 37518, www.anypromo.com
Any Promo Inc., 37518, anypromo.com
Family Handyman, 37511, www.familyhandyman.com
Family Handyman, 37511, familyhandyman.com
CyberChimps Inc, 37505, cyberchimps.com
CyberChimps Inc, 37505, www.cyberchimps.com
Farfetch.com (US), 37508, www.farfetch.com
Farfetch.com (US), 37508, farfetch.com
Oscar Blandi, 37509, oscarblandi.com
Oscar Blandi, 37509, www.oscarblandi.com
Hertz, 37503, www.hertz.com
Hertz, 37503, hertz.com
Vendula London, 37493, www.vendula.co.uk
Vendula London, 37493, vendula.co.uk
VetRx Direct, 37492, www.vetrxdirect.com
VetRx Direct, 37492, vetrxdirect.com
Buytopia.ca, 37489, www.buytopia.ca
Buytopia.ca, 37489, buytopia.ca
Superga, 37488, www.superga.co.uk
Superga, 37488, superga.co.uk
Too Faced Cosmetics, 37486, www.toofaced.com
Too Faced Cosmetics, 37486, toofaced.com
Steve Madden, 37487, www.stevemadden.com
Steve Madden, 37487, stevemadden.com
Melijoe, 37483, www.melijoe.com
Melijoe, 37483, melijoe.com
Notonthehighstreet.com - US, 37484, www.notonthehighstreet.com
Notonthehighstreet.com - US, 37484, notonthehighstreet.com
Belvilla, 37476, www.belvilla.com
Belvilla, 37476, belvilla.com
Kiehl's Canada, 37480, www.kiehls.ca
Kiehl's Canada, 37480, kiehls.ca
Vision Eyewear, 37478, www.visionworks.com
Vision Eyewear, 37478, visionworks.com
Biotherm Canada, 37479, www.biotherm.ca
Biotherm Canada, 37479, biotherm.ca
Footasylum, 37473, www.footasylum.com
Footasylum, 37473, footasylum.com
Keith Prowse, 37477, www.keithprowse.com
Keith Prowse, 37477, keithprowse.com
Brooks Brothers, 37469, www.brooksbrothers.com
Brooks Brothers, 37469, brooksbrothers.com
Enterprise Rent-A-Car UK, 37471, www.enterprise.co.uk
Enterprise Rent-A-Car UK, 37471, enterprise.co.uk
18 AND EAST, 37465, www.18andeast.com
18 AND EAST, 37465, 18andeast.com
Astley Clarke - US, 37467, www.astleyclarke.com
Astley Clarke - US, 37467, astleyclarke.com
Trudeau by Sosign, 37459, www.shoptrudeau.com
Trudeau by Sosign, 37459, shoptrudeau.com
AS Roma Store, 37463, www.asromastore.it
AS Roma Store, 37463, asromastore.it
SmartBargains.com, 37461, www.smartbargains.com
SmartBargains.com, 37461, smartbargains.com
selectbedbath.ca, 37454, www.selectbedbath.ca
selectbedbath.ca, 37454, selectbedbath.ca
SMS Audio LLC, 37450, smsby50.com
SMS Audio LLC, 37450, www.smsby50.com
Chuck and Eddie's, 37449, www.chuckandeddies.com
Chuck and Eddie's, 37449, chuckandeddies.com
Joie, 37453, www.joie.com
Joie, 37453, joie.com
SelectRugs Canada, 37455, www.selectrugscanada.ca
SelectRugs Canada, 37455, selectrugscanada.ca
Hawkin Bazaar, 37445, www.hawkin.com
Hawkin Bazaar, 37445, hawkin.com
Maserati Store, 37446, www.maseratistore.com
Maserati Store, 37446, maseratistore.com
Value Basket, 37439, www.valuebasket.com
Value Basket, 37439, valuebasket.com
my-wardrobe.com, 37440, www.my-wardrobe.com
my-wardrobe.com, 37440, my-wardrobe.com
Crazy Shirts, 37436, www.crazyshirts.com
Crazy Shirts, 37436, crazyshirts.com
EVITA PERONI, 37435, www.evitaperoni.com
EVITA PERONI, 37435, evitaperoni.com
Letterbox, 37441, letterboxing.org
Letterbox, 37441, www.letterboxing.org
emusic.com, 37431, www.emusic.com
emusic.com, 37431, emusic.com
Bernard Boutique, 37437, www.bernardboutique.com
Bernard Boutique, 37437, bernardboutique.com
TRIA, 37428, www.triabeauty.com
TRIA, 37428, triabeauty.com
Voi Jeans, 37421, www.voijeans.com
Voi Jeans, 37421, voijeans.com
Dr. Fuhrman, 37427, www.drfuhrman.com
Dr. Fuhrman, 37427, drfuhrman.com
Matchesfashion.com - Global, 37420, globalfashionspace.com
Matchesfashion.com - Global, 37420, www.globalfashionspace.com
Red Label Fashion, 37412, www.loveredlabel.com
Red Label Fashion, 37412, loveredlabel.com
Saks Fifth Avenue - UK, 37410, www.saksfifthavenue.com
Saks Fifth Avenue - UK, 37410, saksfifthavenue.com
Lounge Lover, 37408, www.loungelover.com
Lounge Lover, 37408, loungelover.com
Proskin US, 37407, www.proskinus.com
Proskin US, 37407, proskinus.com
Love and Pride, 37402, loveandpride.com
Love and Pride, 37402, www.loveandpride.com
Clinique, 37401, www.clinique.com
Clinique, 37401, clinique.com
LaptopBatteryExpress.com, 37395, www.laptopbatteryexpress.com
LaptopBatteryExpress.com, 37395, laptopbatteryexpress.com
Brainbench, 37390, brainbench.com
Brainbench, 37390, www.brainbench.com
trendtrunk.com (Canada), 37393, www.bargainmoose.ca
trendtrunk.com (Canada), 37393, bargainmoose.ca
Novica, 37391, www.novica.com
Novica, 37391, novica.com
modaoperandi.com, 37385, modaoperandi.com
modaoperandi.com, 37385, www.modaoperandi.com
The Snugg, 37380, www.thesnugg.com
The Snugg, 37380, thesnugg.com
OrangeOnions.com, 37369, www.orangeonions.com
OrangeOnions.com, 37369, orangeonions.com
Kirna Zabete, 37384, www.kirnazabete.com
Kirna Zabete, 37384, kirnazabete.com
ModeWalk, 37367, www.modewalk.com
ModeWalk, 37367, modewalk.com
Orlebar Brown, 37373, www.orlebarbrown.com
Orlebar Brown, 37373, orlebarbrown.com
Your HCG, 37355, www.yourhcg.com
Your HCG, 37355, yourhcg.com
dotcomgiftshop, 37351, www.dotcomgiftshop.com
dotcomgiftshop, 37351, dotcomgiftshop.com
The Container Store, 37353, www.containerstore.com
The Container Store, 37353, containerstore.com
J.McLaughlin, 37359, www.jmclaughlin.com
J.McLaughlin, 37359, jmclaughlin.com
Beauty Encounter, 37349, www.beautyencounter.com
Beauty Encounter, 37349, beautyencounter.com
Expressions Des Bijoux Limited, 37336, expressionsdesbijouxlimited.knoji.com
Expressions Des Bijoux Limited, 37336, www.expressionsdesbijouxlimited.knoji.com
Candy Galaxy, 37345, www.candygalaxy.com
Candy Galaxy, 37345, candygalaxy.com
Lifelock, 37346, www.lifelock.com
Lifelock, 37346, lifelock.com
The Royal Mint, 37343, www.royalmint.com
The Royal Mint, 37343, royalmint.com
Moleskine, 37338, www.moleskine.com
Moleskine, 37338, moleskine.com
Zirh, 37333, www.zirh.com
Zirh, 37333, zirh.com
Mint Velvet, 37326, www.mintvelvet.co.uk
Mint Velvet, 37326, mintvelvet.co.uk
Clarins, 37335, www.clarinsusa.com
Clarins, 37335, clarinsusa.com
FitFlop Ltd, 37323, www.fitflop.com
FitFlop Ltd, 37323, fitflop.com
Jurlique, 37324, www.jurlique.com
Jurlique, 37324, jurlique.com
Sitelock, 37318, www.sitelock.com
Sitelock, 37318, sitelock.com
Bibaloo, 37321, bibaloo.com
Bibaloo, 37321, www.bibaloo.com
eFaucets, 37322, www.efaucets.com
eFaucets, 37322, efaucets.com
SOL REPUBLIC, 37303, www.solrepublic.com
SOL REPUBLIC, 37303, solrepublic.com
Classic Shapewear, 37309, www.classicshapewear.com
Classic Shapewear, 37309, classicshapewear.com
mental_floss store, 37296, store.mentalfloss.com
mental_floss store, 37296, www.store.mentalfloss.com
Monnier Frères, 37272, www.monnierfreres.fr
Monnier Frères, 37272, monnierfreres.fr
MX iTunes, 37268, apple.com
MX iTunes, 37268, www.apple.com
Kabbage - Lead Gen, 37290, www.themarketingblog.co.uk
Kabbage - Lead Gen, 37290, themarketingblog.co.uk
My Cash Now - Lead Gen, 37282, www.facebook.com
My Cash Now - Lead Gen, 37282, facebook.com
Tegan Fashion, 37262, www.teganfashion.com
Tegan Fashion, 37262, teganfashion.com
vudu.com, 37258, www.vudu.com
vudu.com, 37258, vudu.com
Anthropologie (UK), 37257, www.anthropologie.eu
Anthropologie (UK), 37257, anthropologie.eu
Proskins, 37260, www.proskins.co
Proskins, 37260, proskins.co
Nigel Hall menswear, 37263, www.nigelhallmenswear.com
Nigel Hall menswear, 37263, nigelhallmenswear.com
Global Sugar Art, 37241, www.globalsugarart.com
Global Sugar Art, 37241, globalsugarart.com
Tundra Restaurant Supply, 37255, www.etundra.com
Tundra Restaurant Supply, 37255, etundra.com
SelectBlinds Canada, 37237, www.selectblindscanada.ca
SelectBlinds Canada, 37237, selectblindscanada.ca
Stock N Go, 37244, www.stockngo.com
Stock N Go, 37244, stockngo.com
Ojon, 37247, www.ojon.com
Ojon, 37247, ojon.com
Thinkstock, 37236, www.thinkstockphotos.com
Thinkstock, 37236, thinkstockphotos.com
Getty Images, 37233, www.gettyimages.com
Getty Images, 37233, gettyimages.com
Photos.com, 37235, www.photos.com
Photos.com, 37235, photos.com
iStockphoto LP, 37234, www.istockphoto.com
iStockphoto LP, 37234, istockphoto.com
Lily O'Brien's, 37227, lillyobriensbar.com
Lily O'Brien's, 37227, www.lillyobriensbar.com
Michel Herbelin, 37226, www.michel-herbelin.com
Michel Herbelin, 37226, michel-herbelin.com
Stock Yards, 37220, www.syb.com
Stock Yards, 37220, syb.com
Kobo Canada, 37219, kobocanada.ca
Kobo Canada, 37219, www.kobocanada.ca
HeatAndCool.com, 37216, www.heatandcool.com
HeatAndCool.com, 37216, heatandcool.com
Continental Mobiles, 37224, www.continentalmobiles.com
Continental Mobiles, 37224, continentalmobiles.com
By Brilliant, 37213, www.brilliantinc.co.uk
By Brilliant, 37213, brilliantinc.co.uk
Eden Park, 37214, www.edenpark.co.nz
Eden Park, 37214, edenpark.co.nz
ChatandVision, 37207, chatandvision.com
ChatandVision, 37207, www.chatandvision.com
Kobo Inc., 37217, www.kobobooks.com
Kobo Inc., 37217, kobobooks.com
Anya Hindmarch, 37208, www.anyahindmarch.com
Anya Hindmarch, 37208, anyahindmarch.com
Bubbles Bodywear, 37201, www.lovemybubbles.com
Bubbles Bodywear, 37201, lovemybubbles.com
TeamBuy.ca, 37181, www.teambuy.ca
TeamBuy.ca, 37181, teambuy.ca
Pharmapacks, 37191, www.pharmapacks.com
Pharmapacks, 37191, pharmapacks.com
Liz Earle Beauty Co Ltd, 37195, uk.lizearle.com
Liz Earle Beauty Co Ltd, 37195, www.uk.lizearle.com
DKNY, 37194, www.dkny.com
DKNY, 37194, dkny.com
Proenza Schouler, 37187, www.proenzaschouler.com
Proenza Schouler, 37187, proenzaschouler.com
YLANG23, 37179, ylang23.com
YLANG23, 37179, www.ylang23.com
Fresh Direct, 37183, freshdirect.com
Fresh Direct, 37183, www.freshdirect.com
Ferrari Store, 37173, store.ferrari.com
Ferrari Store, 37173, www.store.ferrari.com
Stanwells, 37171, www.stanwells.com
Stanwells, 37171, stanwells.com
Starbucks, 37174, www.starbucks.com
Starbucks, 37174, starbucks.com
Wondershare, 37160, www.wondershare.com
Wondershare, 37160, wondershare.com
Bonsoir of London, 37164, www.bonsoiroflondon.com
Bonsoir of London, 37164, bonsoiroflondon.com
Luxury Hair & Beauty, 37163, www.luxuryhairandbeauty.co.uk
Luxury Hair & Beauty, 37163, luxuryhairandbeauty.co.uk
Wallis (US), 37158, www.wallisfashion.com
Wallis (US), 37158, wallisfashion.com
What A Beautiful Life, 37161, www.whatabeautifullife.com
What A Beautiful Life, 37161, whatabeautifullife.com
Evans (US), 37156, www.evansusa.com
Evans (US), 37156, evansusa.com
Evans, 37155, evansdrumheads.com
Evans, 37155, www.evansdrumheads.com
Wallis, 37153, www.wallisfashion.com
Wallis, 37153, wallisfashion.com
Dorothy Perkins(US), 37152, us.dorothyperkins.com
Dorothy Perkins(US), 37152, www.us.dorothyperkins.com
Woozworld, 37143, www.woozworld.com
Woozworld, 37143, woozworld.com
ProAudioStar, 37151, www.proaudiostar.com
ProAudioStar, 37151, proaudiostar.com
Jos.A.Bank UK, 37147, www.josbank.com
Jos.A.Bank UK, 37147, josbank.com
Bogs Footwear (Weyco), 37142, www.bogsfootwear.com
Bogs Footwear (Weyco), 37142, bogsfootwear.com
PNP Portable North Pole, 37137, www.portablenorthpole.com
PNP Portable North Pole, 37137, portablenorthpole.com
eInvite.com, 37127, www.einvite.com
eInvite.com, 37127, einvite.com
Tessabit, 37119, shop.tessabit.com
Tessabit, 37119, www.shop.tessabit.com
Swimwearforme.com, 37117, www.swimwearforme.com
Swimwearforme.com, 37117, swimwearforme.com
MacPaw, 37093, macpaw.com
MacPaw, 37093, www.macpaw.com
SHL, 37085, www.shl.com
SHL, 37085, shl.com
Lily Lolo, 37091, www.lilylolo.us
Lily Lolo, 37091, lilylolo.us
NOCO Genius, 37083, www.geniuschargers.com
NOCO Genius, 37083, geniuschargers.com
Dallas Midwest, 37077, www.dallasmidwest.com
Dallas Midwest, 37077, dallasmidwest.com
The Orchid Boutique, 37071, www.theorchidboutique.com
The Orchid Boutique, 37071, theorchidboutique.com
ShopRUSH, 37059, shoprush.com
ShopRUSH, 37059, www.shoprush.com
Bumble and Bumble, 37081, www.bumbleandbumble.com
Bumble and Bumble, 37081, bumbleandbumble.com
Payless Car Rental, 37055, www.paylesscar.com
Payless Car Rental, 37055, paylesscar.com
Eshakti, 37045, www.eshakti.com
Eshakti, 37045, eshakti.com
FineStationery.com, 37051, www.finestationery.com
FineStationery.com, 37051, finestationery.com
Effy Jewelry, 37041, www.effyjewelry.com
Effy Jewelry, 37041, effyjewelry.com
Smartbuyglasses Optical Limited, 37037, www.smartbuyglasses.com
Smartbuyglasses Optical Limited, 37037, smartbuyglasses.com
Cancer Defeated Publications, 37033, www.cancerdefeated.com
Cancer Defeated Publications, 37033, cancerdefeated.com
Localphone, 37026, www.localphone.com
Localphone, 37026, localphone.com
GelPro, 37025, www.gelpro.com
GelPro, 37025, gelpro.com
Dylan's Candy Bar, 37029, www.dylanscandybar.com
Dylan's Candy Bar, 37029, dylanscandybar.com
TGW.com - The Golf Warehouse, 37031, www.tgw.com
TGW.com - The Golf Warehouse, 37031, tgw.com
Sundance Catalog, 37013, www.sundancecatalog.com
Sundance Catalog, 37013, sundancecatalog.com
Hedonia, 37011, www.hedonia.co.uk
Hedonia, 37011, hedonia.co.uk
Cotton Traders, 37024, www.cottontraders.co.uk
Cotton Traders, 37024, cottontraders.co.uk
halfoffdepot.com, 37009, www.halfoffdepot.com
halfoffdepot.com, 37009, halfoffdepot.com
Urban Adventures, 37015, www.urbanadventures.com
Urban Adventures, 37015, urbanadventures.com
Bastyan Fashion, 37005, www.bastyan.co.uk
Bastyan Fashion, 37005, bastyan.co.uk
eLUXE.ca, 36994, www.eluxe.ca
eLUXE.ca, 36994, eluxe.ca
GSM Nation, 37007, www.gsmnation.com
GSM Nation, 37007, gsmnation.com
The Diamonds Factory, 37008, www.thediamondsfactory.com
The Diamonds Factory, 37008, thediamondsfactory.com
Event Decor Direct, 37006, www.eventdecordirect.com
Event Decor Direct, 37006, eventdecordirect.com
Cloud 10 Beauty, 36995, www.cloud10beauty.com
Cloud 10 Beauty, 36995, cloud10beauty.com
Knomo, 36985, www.knomobags.com
Knomo, 36985, knomobags.com
Izabel London, 36997, izabellondon.com
Izabel London, 36997, www.izabellondon.com
Calendars.com, 36983, www.calendars.com
Calendars.com, 36983, calendars.com
Forever 21 Global BV, 36984, www.forever21.com
Forever 21 Global BV, 36984, forever21.com
StylistPick.com, 36977, www.stylistpick.com
StylistPick.com, 36977, stylistpick.com
Route One, 36981, www.routeone.com
Route One, 36981, routeone.com
Molton Brown, 36973, www.moltonbrown.com
Molton Brown, 36973, moltonbrown.com
Aftershock, 36976, en.wikipedia.org
Aftershock, 36976, www.en.wikipedia.org
Molton Brown (US), 36974, www.moltonbrown.com
Molton Brown (US), 36974, moltonbrown.com
WISH WANT WEAR, 36969, www.wishwantwear.com
WISH WANT WEAR, 36969, wishwantwear.com
Vince Camuto, 36963, www.vincecamuto.com
Vince Camuto, 36963, vincecamuto.com
AOL, 36967, www.aol.com
AOL, 36967, aol.com
Oliver Sweeney Ltd, 36959, www.oliversweeney.com
Oliver Sweeney Ltd, 36959, oliversweeney.com
Jessica Simpson, 36964, www.jessicasimpson.com
Jessica Simpson, 36964, jessicasimpson.com
SuperDry (SuperGroup Internet Ltd), 36957, www.superdry.com
SuperDry (SuperGroup Internet Ltd), 36957, superdry.com
Supple, 36952, buysupple.com
Supple, 36952, www.buysupple.com
1800AnyLens Contacts, 36950, www.1800anylens.com
1800AnyLens Contacts, 36950, 1800anylens.com
Pearls Only (RedStores UK), 36949, www.pearlsonly.com
Pearls Only (RedStores UK), 36949, pearlsonly.com
The Dressing Room Retail Ltd, 36943, www.the-dressingroom.com
The Dressing Room Retail Ltd, 36943, the-dressingroom.com
Nine West UK, 36944, www.ninewest.co.uk
Nine West UK, 36944, ninewest.co.uk
Cellphone Shop, 36939, www.cellphoneshop.net
Cellphone Shop, 36939, cellphoneshop.net
Expansys, 36707, www.expansys.com
Expansys, 36707, expansys.com
Expansys US, 36698, www.expansys-usa.com
Expansys US, 36698, expansys-usa.com
spiegel.com, 36710, www.spiegel.com
spiegel.com, 36710, spiegel.com
Panasonic, 36726, www.panasonic.com
Panasonic, 36726, panasonic.com
Glasses USA, 36721, www.glassesusa.com
Glasses USA, 36721, glassesusa.com
Expansys CA, 36699, www.expansys.ca
Expansys CA, 36699, expansys.ca
SooBest, 36692, www.facebook.com
SooBest, 36692, facebook.com
Brady Games, 36686, www.bradygames.com
Brady Games, 36686, bradygames.com
Shades Shutters Blinds, 36693, www.shadesshuttersblinds.com
Shades Shutters Blinds, 36693, shadesshuttersblinds.com
Problem Solvers, 36682, www.problemsolvers.com
Problem Solvers, 36682, problemsolvers.com
Mainline Menswear, 36678, www.mainlinemenswear.co.uk
Mainline Menswear, 36678, mainlinemenswear.co.uk
Cyberswim, 36669, www.cyberswim.com
Cyberswim, 36669, cyberswim.com
Sixt Car Rental, 36665, www.sixt.com
Sixt Car Rental, 36665, sixt.com
Select Fashion, 36664, www.selectfashion.co.uk
Select Fashion, 36664, selectfashion.co.uk
Aquasana Home Water Filters, 36667, www.aquasana.com
Aquasana Home Water Filters, 36667, aquasana.com
eforchina.com, 36663, www.eforchina.com
eforchina.com, 36663, eforchina.com
Sunsky-online, 36662, www.sunsky-online.com
Sunsky-online, 36662, sunsky-online.com
Henri Lloyd ltd, 36647, us.henrilloyd.com
Henri Lloyd ltd, 36647, www.us.henrilloyd.com
iYogi, 36641, www.iyogi.net
iYogi, 36641, iyogi.net
Suzanne Somers Sexy Forever, 36643, www.suzannesomers.com
Suzanne Somers Sexy Forever, 36643, suzannesomers.com
EasyToBook, 36652, www.easytobook.com
EasyToBook, 36652, easytobook.com
The Danbury Mint, 36635, www.danburymint.com
The Danbury Mint, 36635, danburymint.com
Camille Beckman, 36629, camillebeckman.com
Camille Beckman, 36629, www.camillebeckman.com
Extra Value Checks, 36627, www.extravaluechecks.com
Extra Value Checks, 36627, extravaluechecks.com
Marks and Spencer, 36632, www.marksandspencer.com
Marks and Spencer, 36632, marksandspencer.com
Wolf and Badger, 36620, www.wolfandbadger.com
Wolf and Badger, 36620, wolfandbadger.com
CubeSmart Self Storage, 36633, www.cubesmart.com
CubeSmart Self Storage, 36633, cubesmart.com
Hotwire, 36617, www.hotwire.com
Hotwire, 36617, hotwire.com
PHILIP KINGSLEY, 36613, www.philipkingsley.com
PHILIP KINGSLEY, 36613, philipkingsley.com
Zuma Office Supply, 36614, www.zumaoffice.com
Zuma Office Supply, 36614, zumaoffice.com
Long Tall Sally US, 36622, us.longtallsally.com
Long Tall Sally US, 36622, www.us.longtallsally.com
Samsonite, 36605, samsonite.com
Samsonite, 36605, www.samsonite.com
Zoysia Farms, 36600, www1.zoysiafarms.com
Zoysia Farms, 36600, www.www1.zoysiafarms.com
MyPix2Canvas, 36591, www.mypix2canvas.com
MyPix2Canvas, 36591, mypix2canvas.com
Smallable, 36583, www.smallable.com
Smallable, 36583, smallable.com
John Smedley, 36598, www.johnsmedley.com
John Smedley, 36598, johnsmedley.com
Lacoste, 36597, www.lacoste.com
Lacoste, 36597, lacoste.com
DrJays.com, 36587, www.drjays.com
DrJays.com, 36587, drjays.com
Boticca.com Limited, 36580, boticca.com
Boticca.com Limited, 36580, www.boticca.com
Javia.com, 36581, www.javia.com
Javia.com, 36581, javia.com
Glam-net, 36336, www.glam-net.com
Glam-net, 36336, glam-net.com
Accessorize, 36338, uk.accessorize.com
Accessorize, 36338, www.uk.accessorize.com
Rodale Store, 36331, rodalestore.com
Rodale Store, 36331, www.rodalestore.com
Schuh, 36352, www.schuh.co.uk
Schuh, 36352, schuh.co.uk
LightsOnline.com, 36329, www.lightsonline.com
LightsOnline.com, 36329, lightsonline.com
American National Standards Institute Inc., 36327, ansi.org
American National Standards Institute Inc., 36327, www.ansi.org
Superdry.com, 36321, www.superdry.com
Superdry.com, 36321, superdry.com
Cult.co.uk, 36322, www.cult.co.uk
Cult.co.uk, 36322, cult.co.uk
Precious Moments Inc, 36316, www.preciousmoments.com
Precious Moments Inc, 36316, preciousmoments.com
Milanoo.com Ltd, 36308, www.milanoo.com
Milanoo.com Ltd, 36308, milanoo.com
Dyson Canada Limited, 36311, www.dysoncanada.ca
Dyson Canada Limited, 36311, dysoncanada.ca
Dyson Inc., 36310, www.dyson.com
Dyson Inc., 36310, dyson.com
Emergency Essentials/BePrepared, 36307, beprepared.com
Emergency Essentials/BePrepared, 36307, www.beprepared.com
Arena Quantum Ltd, 36302, www.arena-quantum.co.uk
Arena Quantum Ltd, 36302, arena-quantum.co.uk
Perfume.com, 36297, www.perfume.com
Perfume.com, 36297, perfume.com
Ashley Stewart, 36299, www.ashleystewart.com
Ashley Stewart, 36299, ashleystewart.com
Abes of Maine, 36290, abesofmaine.com
Abes of Maine, 36290, www.abesofmaine.com
Girl Meets Dress Ltd, 36301, www.girlmeetsdress.com
Girl Meets Dress Ltd, 36301, girlmeetsdress.com
AutoPartsEXPRESS, 36295, www.autopartsexpress.com
AutoPartsEXPRESS, 36295, autopartsexpress.com
BookCloseouts, 36287, www.bookcloseouts.com
BookCloseouts, 36287, bookcloseouts.com
Glassworks Studios, 36289, www.glassworks-studios.com
Glassworks Studios, 36289, glassworks-studios.com
Dino Direct, 36285, groupbuy.dinodirect.com
Dino Direct, 36285, www.groupbuy.dinodirect.com
Crew Clothing, 36288, www.crewclothing.co.uk
Crew Clothing, 36288, crewclothing.co.uk
Boutique 1, 36286, www.boutique1.com
Boutique 1, 36286, boutique1.com
Pareto Logic, 36282, www.paretologic.com
Pareto Logic, 36282, paretologic.com
ooVoo LLC, 36279, www.oovoo.com
ooVoo LLC, 36279, oovoo.com
Oxygen Boutique, 36266, www.oxygenboutique.com
Oxygen Boutique, 36266, oxygenboutique.com
Aveda, 36267, www.aveda.com
Aveda, 36267, aveda.com
Herbergers (Bon-Ton), 36251, www.bonton.com
Herbergers (Bon-Ton), 36251, bonton.com
Younkers (Bon-Ton), 36250, www.younkers.com
Younkers (Bon-Ton), 36250, younkers.com
Elder Beerman (Bon-Ton), 36252, www.elder-beerman.com
Elder Beerman (Bon-Ton), 36252, elder-beerman.com
Bergners (Bon-Ton), 36249, www.bergners.com
Bergners (Bon-Ton), 36249, bergners.com
Natori, 36244, www.natori.com
Natori, 36244, natori.com
Bostonstore.com (Bon-Ton), 36248, www.bostonstore.com
Bostonstore.com (Bon-Ton), 36248, bostonstore.com
Crestline Custom Promotional Products, 36246, www.crestline.com
Crestline Custom Promotional Products, 36246, crestline.com
BookingBuddy, 36236, www.bookingbuddy.com
BookingBuddy, 36236, bookingbuddy.com
Carson's (Bon-Ton), 36247, www.bonton.com
Carson's (Bon-Ton), 36247, bonton.com
Babes With Babies, 36230, www.babeswithbabies.com
Babes With Babies, 36230, babeswithbabies.com
BigOutlet, 36221, www.bigoutlet.com
BigOutlet, 36221, bigoutlet.com
VerticalResponse, 36220, www.verticalresponse.com
VerticalResponse, 36220, verticalresponse.com
WowMyUniverse.com, 36228, www.wowmyuniverse.com
WowMyUniverse.com, 36228, wowmyuniverse.com
EcoloBlue Life & Energy, 36215, www.ecoloblue.com
EcoloBlue Life & Energy, 36215, ecoloblue.com
Big Al's Aquarium Services, 36226, www.bigalspets.com
Big Al's Aquarium Services, 36226, bigalspets.com
HockeyMonkey, 36214, www.hockeymonkey.com
HockeyMonkey, 36214, hockeymonkey.com
Gettington Credit Application, 36201, www.gettington.com
Gettington Credit Application, 36201, gettington.com
Flora2000, 36216, www.flora2000.com
Flora2000, 36216, flora2000.com
Sodastream (UK), 36203, www.sodastream.co.uk
Sodastream (UK), 36203, sodastream.co.uk
Heidi Klein, 36192, heidiklein.com
Heidi Klein, 36192, www.heidiklein.com
Pinnacle Cart, 36195, www.pinnaclecart.com
Pinnacle Cart, 36195, pinnaclecart.com
Infinity Shoes, 36190, www.infinityshoes.com
Infinity Shoes, 36190, infinityshoes.com
Zadig & Voltaire, 36181, us.zadig-et-voltaire.com
Zadig & Voltaire, 36181, www.us.zadig-et-voltaire.com
ONLY NATURAL PET STORE LLC, 36174, www.onlynaturalpet.com
ONLY NATURAL PET STORE LLC, 36174, onlynaturalpet.com
Monsoon, 36168, en.wikipedia.org
Monsoon, 36168, www.en.wikipedia.org
LEGO Brand Retail, 36166, www.lego.com
LEGO Brand Retail, 36166, lego.com
SeattleLuxe.com, 36155, www.seattleluxe.com
SeattleLuxe.com, 36155, seattleluxe.com
BulkOfficeSupply.com, 36167, www.bulkofficesupply.com
BulkOfficeSupply.com, 36167, bulkofficesupply.com
FragranceNet.com (UK), 36154, www.fragrancenet.com
FragranceNet.com (UK), 36154, fragrancenet.com
All4Cellular, 36160, www.all4cellular.com
All4Cellular, 36160, all4cellular.com
StraighterLine, 36153, www.straighterline.com
StraighterLine, 36153, straighterline.com
WorldSoccerShop.com, 36152, www.worldsoccershop.com
WorldSoccerShop.com, 36152, worldsoccershop.com
Diesel Timeframes, 36148, store.dieseltimeframes.com
Diesel Timeframes, 36148, www.store.dieseltimeframes.com
Sunspel Menswear Ltd, 35928, www.sunspel.com
Sunspel Menswear Ltd, 35928, sunspel.com
Health to Happiness, 35947, www.healthtohappiness.com
Health to Happiness, 35947, healthtohappiness.com
STYLEBOP.com, 35919, www.stylebop.com
STYLEBOP.com, 35919, stylebop.com
Muse Ten, 35922, www.museten.com
Muse Ten, 35922, museten.com
bluemercury, 35942, www.bluemercury.com
bluemercury, 35942, bluemercury.com
HomerunMonkey, 35913, www.homerunmonkey.com
HomerunMonkey, 35913, homerunmonkey.com
goHastings, 35899, www.gohastings.com
goHastings, 35899, gohastings.com
CCL Computers, 35889, www.cclonline.com
CCL Computers, 35889, cclonline.com
Miss Selfridge UK, 35883, www.missselfridge.com
Miss Selfridge UK, 35883, missselfridge.com
Andrew Christian, 35900, www.andrewchristian.com
Andrew Christian, 35900, andrewchristian.com
Topman UK, 35858, www.topman.com
Topman UK, 35858, topman.com
Miss Selfridge Retail Ltd (US), 35884, www.missselfridge.com
Miss Selfridge Retail Ltd (US), 35884, missselfridge.com
Topman US, 35859, us.topman.com
Topman US, 35859, www.us.topman.com
World of Warcraft (Lead Gen Network), 35875, www.battle.net
World of Warcraft (Lead Gen Network), 35875, battle.net
Alamo Rent A Car (ERAC), 35865, go.nationalcar.com
Alamo Rent A Car (ERAC), 35865, www.go.nationalcar.com
RingCentral, 35849, www.ringcentral.com
RingCentral, 35849, ringcentral.com
Toast, 35854, www.roxio.com
Toast, 35854, roxio.com
Quicken Loans (Lead Gen Network), 35852, quicken.intuit.com
Quicken Loans (Lead Gen Network), 35852, www.quicken.intuit.com
Everbank (Lead Gen Network), 35856, helpcenter.linkshare.com
Everbank (Lead Gen Network), 35856, www.helpcenter.linkshare.com
HomeAdvisor [ServiceMagic] (Lead Gen Network), 35850, www.homeadvisor.com
HomeAdvisor [ServiceMagic] (Lead Gen Network), 35850, homeadvisor.com
DinoDirect China Ltd, 35825, investing.businessweek.com
DinoDirect China Ltd, 35825, www.investing.businessweek.com
Save the Children, 35831, www.savethechildren.org
Save the Children, 35831, savethechildren.org
optionsXpress (Lead Gen Network), 35846, www.allaffiliateprograms.com
optionsXpress (Lead Gen Network), 35846, allaffiliateprograms.com
Leanin Tree, 35827, www.leanintree.com
Leanin Tree, 35827, leanintree.com
Coffees of Hawaii, 35824, www.coffeesofhawaii.com
Coffees of Hawaii, 35824, coffeesofhawaii.com
Pittman & Davis, 35808, www.pittmandavis.com
Pittman & Davis, 35808, pittmandavis.com
Direct Energy, 35811, www.directenergy.com
Direct Energy, 35811, directenergy.com
Fossil UK, 35802, www.fossil.co.uk
Fossil UK, 35802, fossil.co.uk
Fossil Partners, 35809, www.macraesbluebook.com
Fossil Partners, 35809, macraesbluebook.com
Amanda Wakeley, 35814, www.amandawakeley.com
Amanda Wakeley, 35814, amandawakeley.com
Equal Exchange, 35787, equalexchange.coop
Equal Exchange, 35787, www.equalexchange.coop
Silver Jeans, 35792, www.silverjeans.com
Silver Jeans, 35792, silverjeans.com
4Imprint CA, 35785, www.4imprint.ca
4Imprint CA, 35785, 4imprint.ca
GO SMiLE, 35784, www.gosmile.com
GO SMiLE, 35784, gosmile.com
See's Candies, 35786, www.sees.com
See's Candies, 35786, sees.com
Fenn Wright Manson, 35779, www.fennwrightmanson.com
Fenn Wright Manson, 35779, fennwrightmanson.com
Invite Health, 35777, www.invitehealth.com
Invite Health, 35777, invitehealth.com
CWI Medical, 35769, www.retailmenot.com
CWI Medical, 35769, retailmenot.com
1-800-BASKETS.COM, 35761, www.1800baskets.com
1-800-BASKETS.COM, 35761, 1800baskets.com
Elegance Fashion, 35748, www.elegancefashionboutique.com
Elegance Fashion, 35748, elegancefashionboutique.com
CheapOstay, 35743, www.cheapostay.com
CheapOstay, 35743, cheapostay.com
Universal Calling Inc., 35732, www.universalcalling.com
Universal Calling Inc., 35732, universalcalling.com
A|Wear, 35738, www.awear.com
A|Wear, 35738, awear.com
Right Start, 35739, www.rightstart.com
Right Start, 35739, rightstart.com
Golden State Fruit, 35741, www.goldenstatefruit.com
Golden State Fruit, 35741, goldenstatefruit.com
ABC Distributing LLC, 35729, www.abcdistributing.com
ABC Distributing LLC, 35729, abcdistributing.com
LTD Commodities LLC, 35728, www.ltdcommodities.com
LTD Commodities LLC, 35728, ltdcommodities.com
Foot Petals, 35727, www.footpetals.com
Foot Petals, 35727, footpetals.com
Black.co.uk, 35731, www.black.co.uk
Black.co.uk, 35731, black.co.uk
Glassesshop.com, 35723, www.glassesshop.com
Glassesshop.com, 35723, glassesshop.com
Matchesfashion.com - UK, 35725, www.matchesfashion.com
Matchesfashion.com - UK, 35725, matchesfashion.com
Rawlings Gear, 35715, www.rawlingsgear.com
Rawlings Gear, 35715, rawlingsgear.com
ASOS.com USA, 35719, us.asos.com
ASOS.com USA, 35719, www.us.asos.com
Blitz Sport, 35724, www.blitzsport.com
Blitz Sport, 35724, blitzsport.com
Wind and Weather, 35720, www.windandweather.com
Wind and Weather, 35720, windandweather.com
Radley (UK), 35703, www.radley.co.uk
Radley (UK), 35703, radley.co.uk
iBuyOfficesupply.com, 35702, www.ibuyofficesupply.com
iBuyOfficesupply.com, 35702, ibuyofficesupply.com
Select-A-Ticket, 35714, www.selectaticket.com
Select-A-Ticket, 35714, selectaticket.com
Radley & Co. Ltd. (US Program), 35705, www.radleyandco.com
Radley & Co. Ltd. (US Program), 35705, radleyandco.com
Anna Scholz Ltd, 35713, www.annascholz.com
Anna Scholz Ltd, 35713, annascholz.com
Leonisa, 35689, www.leonisa.com
Leonisa, 35689, leonisa.com
Austique, 35682, www.austique.co.uk
Austique, 35682, austique.co.uk
MagicKitchen.com, 35674, www.magickitchen.com
MagicKitchen.com, 35674, magickitchen.com
Gettington, 35675, www.gettington.com
Gettington, 35675, gettington.com
GotApparel, 35670, www.gotapparel.com
GotApparel, 35670, gotapparel.com
MyTheresa, 35663, www.mytheresa.com
MyTheresa, 35663, mytheresa.com
Jigsaw, 35664, www.jigsaw.com
Jigsaw, 35664, jigsaw.com
Astley Clarke Ltd, 35667, www.astleyclarke.com
Astley Clarke Ltd, 35667, astleyclarke.com
Delta Force Paintball, 35660, www.paintballgames.co.uk
Delta Force Paintball, 35660, paintballgames.co.uk
farfetch.com, 35653, www.farfetch.com
farfetch.com, 35653, farfetch.com
Hotelclub.com, 35649, www.hotelclub.com
Hotelclub.com, 35649, hotelclub.com
Monster Parties Ltd, 35642, www.monsterparties.co.uk
Monster Parties Ltd, 35642, monsterparties.co.uk
American Express Prepaid and Gift Cards, 35650, www.americanexpress.com
American Express Prepaid and Gift Cards, 35650, americanexpress.com
Select Rugs, 35646, www.selectrugs.com
Select Rugs, 35646, selectrugs.com
Kabloom.com, 35641, www.kabloom.com
Kabloom.com, 35641, kabloom.com
Select Bedding, 35645, www.bedding.com
Select Bedding, 35645, bedding.com
MN Party Store, 35639, www.mnpartystore.com
MN Party Store, 35639, mnpartystore.com
mysinglefriend.com, 35636, www.mysinglefriend.com
mysinglefriend.com, 35636, mysinglefriend.com
William Arthur, 35637, www.williamarthur.com
William Arthur, 35637, williamarthur.com
HeartMath LLC, 35610, www.heartmath.com
HeartMath LLC, 35610, heartmath.com
Shambhala Publications Inc., 35631, www.shambhala.com
Shambhala Publications Inc., 35631, shambhala.com
lucy Activewear, 35624, www.lucy.com
lucy Activewear, 35624, lucy.com
CarRentals, 35613, www.carrentals.com
CarRentals, 35613, carrentals.com
Quiz Clothing, 35605, www.quizclothing.co.uk
Quiz Clothing, 35605, quizclothing.co.uk
Beltronics, 35608, www.beltronics.com
Beltronics, 35608, beltronics.com
The Karaoke Channel, 35587, www.thekaraokechannel.com
The Karaoke Channel, 35587, thekaraokechannel.com
Hanna Andersson, 35576, www.hannaandersson.com
Hanna Andersson, 35576, hannaandersson.com
Always At Market Inc., 35606, www.manta.com
Always At Market Inc., 35606, manta.com
HostelBookers.com Ltd, 35570, www.hostelbookers.com
HostelBookers.com Ltd, 35570, hostelbookers.com
TuneUp Media Inc., 35567, www.tuneupmedia.com
TuneUp Media Inc., 35567, tuneupmedia.com
STYLEBOP.com, 35563, www.stylebop.com
STYLEBOP.com, 35563, stylebop.com
Protect-A-Bed, 35566, www.protectabed.com
Protect-A-Bed, 35566, protectabed.com
Cherrybrook, 35564, www.cherrybrook.com
Cherrybrook, 35564, cherrybrook.com
Backyard Ocean, 35531, backyardocean.com
Backyard Ocean, 35531, www.backyardocean.com
The Limited Stores, 35543, www.thelimited.com
The Limited Stores, 35543, thelimited.com
Crocs, 35537, www.crocs.com
Crocs, 35537, crocs.com
Angara.com, 35520, www.angara.com
Angara.com, 35520, angara.com
National Wildlife Federation, 35496, www.nwf.org
National Wildlife Federation, 35496, nwf.org
Shoes.co.uk Ltd., 35492, www.shoes.co.uk
Shoes.co.uk Ltd., 35492, shoes.co.uk
Jaeger, 35491, www.jaeger.co.uk
Jaeger, 35491, jaeger.co.uk
Fingerhut Credit Application, 35484, www.fingerhut.com
Fingerhut Credit Application, 35484, fingerhut.com
McAfee Canada, 35489, www.mcafee.com
McAfee Canada, 35489, mcafee.com
B2C Jewels, 35490, www.b2cjewels.com
B2C Jewels, 35490, b2cjewels.com
Fashion Union Ltd., 35482, www.fashionunion.com
Fashion Union Ltd., 35482, fashionunion.com
DHC Skincare Canada, 35479, www.dhccare.ca
DHC Skincare Canada, 35479, dhccare.ca
Escort Radar, 35480, www.escortradar.com
Escort Radar, 35480, escortradar.com
French Connection (US), 35448, usa.frenchconnection.com
French Connection (US), 35448, www.usa.frenchconnection.com
Blossom Mother and Child Ltd, 35471, www.blossommotherandchild.com
Blossom Mother and Child Ltd, 35471, blossommotherandchild.com
Chronicle Books, 35472, www.chroniclebooks.com
Chronicle Books, 35472, chroniclebooks.com
Sounds True, 35473, www.manta.com
Sounds True, 35473, manta.com
Apothica LLC, 35437, apothica.com
Apothica LLC, 35437, www.apothica.com
OneTravel.com, 35420, www.onetravel.com
OneTravel.com, 35420, onetravel.com
BedHead Pajamas, 35433, www.bedheadpjs.com
BedHead Pajamas, 35433, bedheadpjs.com
GolfEtail.com, 35397, www.golfetail.com
GolfEtail.com, 35397, golfetail.com
Rock Bottom Golf, 35386, www.rockbottomgolf.com
Rock Bottom Golf, 35386, rockbottomgolf.com
Naturepedic, 35427, www.naturepedic.com
Naturepedic, 35427, naturepedic.com
Isabella Oliver Ltd. (Canada), 35383, www.isabellaoliver.com
Isabella Oliver Ltd. (Canada), 35383, isabellaoliver.com
Isabella Oliver Ltd. (US), 35382, www.isabellaoliver.com
Isabella Oliver Ltd. (US), 35382, isabellaoliver.com
ed2go, 35369, www.ed2go.com
ed2go, 35369, ed2go.com
BeyondtheRack.com, 35371, www.beyondtherack.com
BeyondtheRack.com, 35371, beyondtherack.com
Artisteer, 35356, www.artisteer.com
Artisteer, 35356, artisteer.com
Oliver Bonas Ltd, 35352, www.oliverbonas.com
Oliver Bonas Ltd, 35352, oliverbonas.com
Shop Taste of Home, 35336, www.shoptasteofhome.com
Shop Taste of Home, 35336, shoptasteofhome.com
PowerScore, 35321, www.powerscore.com
PowerScore, 35321, powerscore.com
Links of London USA, 35323, www.linksoflondon.com
Links of London USA, 35323, linksoflondon.com
4imprint Inc., 35298, www.4imprint.com
4imprint Inc., 35298, 4imprint.com
Cult Beauty Ltd., 35269, www.cultbeauty.co.uk
Cult Beauty Ltd., 35269, cultbeauty.co.uk
DHC (UK), 35262, www.dhcuk.co.uk
DHC (UK), 35262, dhcuk.co.uk
Dollar Rent-a-Car, 35267, www.dollar.com
Dollar Rent-a-Car, 35267, dollar.com
Chocolate.com, 35277, www.chocolate.com
Chocolate.com, 35277, chocolate.com
Lavera / loveTrueNatural, 35251, www.lovetruenatural.com
Lavera / loveTrueNatural, 35251, lovetruenatural.com
Simply Electronics (UK), 35243, www.simplyelectronics.net
Simply Electronics (UK), 35243, simplyelectronics.net
Utrecht Art.com, 35237, www.utrechtart.com
Utrecht Art.com, 35237, utrechtart.com
Intrepid Travel, 35224, www.intrepidtravel.com
Intrepid Travel, 35224, intrepidtravel.com
Bride and Groom Direct, 35233, www.brideandgroomdirect.co.uk
Bride and Groom Direct, 35233, brideandgroomdirect.co.uk
Tractor Supply Company, 35230, www.tractorsupply.com
Tractor Supply Company, 35230, tractorsupply.com
MR.BEER®, 35215, www.mrbeer.com
MR.BEER®, 35215, mrbeer.com
Auto Parts Warehouse, 35207, www.autopartswarehouse.com
Auto Parts Warehouse, 35207, autopartswarehouse.com
LabelDaddy.com, 35210, www.labeldaddy.com
LabelDaddy.com, 35210, labeldaddy.com
Sweaty Betty, 35205, www.sweatybetty.com
Sweaty Betty, 35205, sweatybetty.com
Noodle & Boo, 35216, noodleandboo.com
Noodle & Boo, 35216, www.noodleandboo.com
Alessi Spa (UK), 35185, www.alessi.co.uk
Alessi Spa (UK), 35185, alessi.co.uk
Footaction, 35196, www.footaction.com
Footaction, 35196, footaction.com
Kickers, 35199, kicker.com
Kickers, 35199, www.kicker.com
Alessi S.P.A. US, 35178, www.alessi.com
Alessi S.P.A. US, 35178, alessi.com
TM Lewin and Sons Ltd., 35183, www.tmlewin.co.uk
TM Lewin and Sons Ltd., 35183, tmlewin.co.uk
HotelsCombined.com, 35161, www.hotelscombined.com
HotelsCombined.com, 35161, hotelscombined.com
diViene.com, 35157, www.diviene.com
diViene.com, 35157, diviene.com
MrWatch, 35171, www.mrwatch.com
MrWatch, 35171, mrwatch.com
Villeroy & Boch Tableware, 35164, www.villeroy-boch.com
Villeroy & Boch Tableware, 35164, villeroy-boch.com
Designers Guild Ltd., 35158, www.designersguild.com
Designers Guild Ltd., 35158, designersguild.com
Isabella Oliver (UK), 35151, www.isabellaoliver.com
Isabella Oliver (UK), 35151, isabellaoliver.com
Beautorium.com, 35150, www.beautorium.com
Beautorium.com, 35150, beautorium.com
Balsam Hill LLC, 35141, www.balsamhill.com
Balsam Hill LLC, 35141, balsamhill.com
Holiday Classics, 35133, holidayclassics.com
Holiday Classics, 35133, www.holidayclassics.com
Bobbi Brown Cosmetics, 35154, www.bobbibrowncosmetics.com
Bobbi Brown Cosmetics, 35154, bobbibrowncosmetics.com
Ann's Bridal Bargains, 35134, www.annsbridalbargains.com
Ann's Bridal Bargains, 35134, annsbridalbargains.com
Proboardshop (Active Sports), 35119, www.proboardshop.com
Proboardshop (Active Sports), 35119, proboardshop.com
Nunn Bush, 35127, www.nunnbush.com
Nunn Bush, 35127, nunnbush.com
Browns Fashion, 35118, www.brownsfashion.com
Browns Fashion, 35118, brownsfashion.com
Sam Ash Quikship Corp., 35126, www.samash.com
Sam Ash Quikship Corp., 35126, samash.com
BikeBandit.com, 25095, www.bikebandit.com
BikeBandit.com, 25095, bikebandit.com
TimeForMeCatalog.com, 25102, www.timeformecatalog.com
TimeForMeCatalog.com, 25102, timeformecatalog.com
Lancome Canada, 25098, www.lancome.ca
Lancome Canada, 25098, lancome.ca
JoyBauer.com, 25112, www.joybauer.com
JoyBauer.com, 25112, joybauer.com
The-House (Active Sports), 25087, www.the-house.com
The-House (Active Sports), 25087, the-house.com
Manhattanite, 25065, www.shopmanhattanite.com
Manhattanite, 25065, shopmanhattanite.com
iTunes Canada, 25056, www.apple.com
iTunes Canada, 25056, apple.com
eBags, 25040, www.ebags.com
eBags, 25040, ebags.com
Links of London UK, 25044, www.linksoflondon.com
Links of London UK, 25044, linksoflondon.com
Iolo technologies, 25039, www.iolo.com
Iolo technologies, 25039, iolo.com
eSportsonline, 25038, www.esportsonline.com
eSportsonline, 25038, esportsonline.com
Lakeside Collection, 25028, www.lakeside.com
Lakeside Collection, 25028, lakeside.com
CheapOair.com, 25020, www.cheapoair.com
CheapOair.com, 25020, cheapoair.com
pHion, 25029, www.phionbalance.com
pHion, 25029, phionbalance.com
DollarDays.com, 25022, dollardays.com
DollarDays.com, 25022, www.dollardays.com
Liquidation Channel, 24969, www.liquidationchannel.com
Liquidation Channel, 24969, liquidationchannel.com
Trueshopping Ltd, 24995, www.trueshopping.co.uk
Trueshopping Ltd, 24995, trueshopping.co.uk
Lab Series, 24972, www.labseries.com
Lab Series, 24972, labseries.com
French Connection UK, 24990, www.frenchconnection.com
French Connection UK, 24990, frenchconnection.com
HisRoom, 24954, www.hisroom.com
HisRoom, 24954, hisroom.com
MYLA (UK), 24934, www.myla.com
MYLA (UK), 24934, myla.com
Pearson Education (FTPress.com), 24922, www.ftpress.com
Pearson Education (FTPress.com), 24922, ftpress.com
Pearson Education (Peach Pit), 24921, www.peachpit.com
Pearson Education (Peach Pit), 24921, peachpit.com
Vera Bradley Designs, 24943, www.verabradley.com
Vera Bradley Designs, 24943, verabradley.com
DHC Skincare, 24918, www.dhccare.com
DHC Skincare, 24918, dhccare.com
Lipsy, 24865, www.lipsy.co.uk
Lipsy, 24865, lipsy.co.uk
Benefit Cosmetics (UK), 24862, www.benefitcosmetics.co.uk
Benefit Cosmetics (UK), 24862, benefitcosmetics.co.uk
Dillards Inc., 24895, www.dillards.com
Dillards Inc., 24895, dillards.com
Bliss World, 24827, www.blissworld.com
Bliss World, 24827, blissworld.com
Pearson Education (InformIT), 24808, www.informit.com
Pearson Education (InformIT), 24808, informit.com
PersonalWine.com, 24813, www.personalwine.com
PersonalWine.com, 24813, personalwine.com
RushMyPassport.com, 24807, www.rushmypassport.com
RushMyPassport.com, 24807, rushmypassport.com
As We Change( Miles Kimball), 24823, www.aswechange.com
As We Change( Miles Kimball), 24823, aswechange.com
Kurt Geiger Ltd., 24803, www.kurtgeiger.com
Kurt Geiger Ltd., 24803, kurtgeiger.com
Oasis Fashions Limited, 24798, www.oasis-stores.com
Oasis Fashions Limited, 24798, oasis-stores.com
Whistles, 24794, www.whistles.co.uk
Whistles, 24794, whistles.co.uk
Karen Millen Fashions Limited, 24797, www.karenmillen.com
Karen Millen Fashions Limited, 24797, karenmillen.com
Coast Fashions Limited, 24789, www.coast-stores.com
Coast Fashions Limited, 24789, coast-stores.com
Elemis UK, 24791, www.elemis.com
Elemis UK, 24791, elemis.com
Clinique Online, 24775, www.clinique.com
Clinique Online, 24775, clinique.com
Origins Online, 24776, www.originsonline.org
Origins Online, 24776, originsonline.org
Prescriptives, 24777, www.prescriptives.com
Prescriptives, 24777, prescriptives.com
Rakuten Travel, 24762, travel.rakuten.com
Rakuten Travel, 24762, www.travel.rakuten.com
Lan Airlines US, 24764, www.lan.com
Lan Airlines US, 24764, lan.com
RiffTrax LLC, 24749, www.corporationwiki.com
RiffTrax LLC, 24749, corporationwiki.com
Benefit Cosmetics LLC, 24765, www.benefitcosmetics.com
Benefit Cosmetics LLC, 24765, benefitcosmetics.com
Vans, 24747,vans.com
Vans, 24747,www.vans.com
UNIQLO, 24724, www.uniqlo.com
UNIQLO, 24724, uniqlo.com
CookiesKids, 24676, www.cookieskids.com
CookiesKids, 24676, cookieskids.com
Webroot Inc., 24709, www.webroot.com
Webroot Inc., 24709, webroot.com
TV-Silencer, 24715, tv-silencer.com
TV-Silencer, 24715, www.tv-silencer.com
Gaiam TV, 24674, www.gaiamtv.com
Gaiam TV, 24674, gaiamtv.com
South Beach Diet, 24659, www.southbeachdiet.com
South Beach Diet, 24659, southbeachdiet.com
Sonoma Diet, 24667, www.sonomadiet.com
Sonoma Diet, 24667, sonomadiet.com
GourmetGiftBaskets.com, 24671, www.gourmetgiftbaskets.com
GourmetGiftBaskets.com, 24671, gourmetgiftbaskets.com
Spiritual Cinema Circle, 24673, www.spiritualcinemacircle.com
Spiritual Cinema Circle, 24673, spiritualcinemacircle.com
Denise Austin, 24665, www.deniseaustin.com
Denise Austin, 24665, deniseaustin.com
PexSupply, 24653, www.pexsupply.com
PexSupply, 24653, pexsupply.com
The New York Times Home Delivery, 24650, homedelivery.nytimes.com
The New York Times Home Delivery, 24650, www.homedelivery.nytimes.com
Jillian Michaels, 24666, www.jillianmichaels.com
Jillian Michaels, 24666, jillianmichaels.com
Silverts.com, 24646, www.silverts.com
Silverts.com, 24646, silverts.com
Sony Creative Software Inc., 24604, www.sonycreativesoftware.com
Sony Creative Software Inc., 24604, sonycreativesoftware.com
Jimmyjane, 24593, www.jimmyjane.com
Jimmyjane, 24593, jimmyjane.com
iWin, 24553, www.iwin.com
iWin, 24553, iwin.com
LeapFrog Enterprises Inc., 24575, www.leapfrog.com
LeapFrog Enterprises Inc., 24575, leapfrog.com
Cascio Interstate Music, 24572, www.interstatemusic.com
Cascio Interstate Music, 24572, interstatemusic.com
Vitamin World, 24550, www.vitaminworld.com
Vitamin World, 24550, vitaminworld.com
Livingxl.com, 24532, living-xl.destinationxl.com
Livingxl.com, 24532, www.living-xl.destinationxl.com
GiftsForYouNow.com, 24529, www.giftsforyounow.com
GiftsForYouNow.com, 24529, giftsforyounow.com
Microsoft Store, 24542, www.microsoftstore.com
Microsoft Store, 24542, microsoftstore.com
World of Watches, 24522, www.worldofwatches.com
World of Watches, 24522, worldofwatches.com
Champs Sports, 24515, www.champssports.com
Champs Sports, 24515, champssports.com
Walter Drake (Miles Kimball Company), 24519, www.wdrake.com
Walter Drake (Miles Kimball Company), 24519, wdrake.com
Exposures (Miles Kimball Company), 24517, www.exposuresonline.com
Exposures (Miles Kimball Company), 24517, exposuresonline.com
Miles Kimball Company, 24516, mileskimballcompany.com
Miles Kimball Company, 24516, www.mileskimballcompany.com
Current Labels, 24488, www.currentlabels.com
Current Labels, 24488, currentlabels.com
SIRIUS|XM Radio, 24511, www.siriusxm.com
SIRIUS|XM Radio, 24511, siriusxm.com
Current Catalog, 24490, www.currentcatalog.com
Current Catalog, 24490, currentcatalog.com
HandHelditems, 24434, handhelditems.com
HandHelditems, 24434, www.handhelditems.com
Artistic Labels, 24489, www.artisticlabels.com
Artistic Labels, 24489, artisticlabels.com
Lighting By Gregory, 24432, lightingbygregory.com
Lighting By Gregory, 24432, www.lightingbygregory.com
Capital One ShareBuilder, 24428, www.sharebuilder.com
Capital One ShareBuilder, 24428, sharebuilder.com
fye.com, 24416, www.fye.com
fye.com, 24416, fye.com
FORZIERI.COM (UK), 24423, www.uk.forzieri.com
FORZIERI.COM (UK), 24423, uk.forzieri.com
Cafe Britt, 24419, www.cafebritt.com
Cafe Britt, 24419, cafebritt.com
AmeriMark, 24404, www.amerimark.com
AmeriMark, 24404, amerimark.com
Designs By Stephene, 24407, www.designsbystephene.com
Designs By Stephene, 24407, designsbystephene.com
Alibris (UK), 24390, www.alibris.co.uk
Alibris (UK), 24390, alibris.co.uk
Shoemart, 24408, theshoemart.com
Shoemart, 24408, www.theshoemart.com
Wolfgang's Vault, 24380, www.wolfgangsvault.com
Wolfgang's Vault, 24380, wolfgangsvault.com
Coastal.com, 24395, www.coastal.com
Coastal.com, 24395, coastal.com
FreeTaxUSA.com, 24370, www.freetaxusa.com
FreeTaxUSA.com, 24370, freetaxusa.com
Fleurop-Interflora, 24364, fleurop.com
Fleurop-Interflora, 24364, www.fleurop.com
Hanes.com, 24366, www.hanes.com
Hanes.com, 24366, hanes.com
L'Occitane UK, 24359, uk.loccitane.com
L'Occitane UK, 24359, www.uk.loccitane.com
SkyMall, 24358, www.skymall.com
SkyMall, 24358, skymall.com
Cath Kidston (UK), 24318, www.cathkidston.co.uk
Cath Kidston (UK), 24318, cathkidston.co.uk
Avon (UK), 24346, www.avon.uk.com
Avon (UK), 24346, avon.uk.com
LEGO SYSTEM A/S, 24340, www.lego.com
LEGO SYSTEM A/S, 24340, lego.com
GameStop, 24348, www.gamestop.com
GameStop, 24348, gamestop.com
B&T Factory Direct, 24312, big-and-tall-direct.destinationxl.com
B&T Factory Direct, 24312, www.big-and-tall-direct.destinationxl.com
Charles Tyrwhitt LLP (UK), 24302, www.ctshirts.co.uk
Charles Tyrwhitt LLP (UK), 24302, ctshirts.co.uk
Rochester Clothing, 24311, rochester-big-and-tall.destinationxl.com
Rochester Clothing, 24311, www.rochester-big-and-tall.destinationxl.com
Reader's Digest Store, 24296, www.readersdigeststore.com
Reader's Digest Store, 24296, readersdigeststore.com
Lumber Liquidators, 24290, www.lumberliquidators.com
Lumber Liquidators, 24290, lumberliquidators.com
Roots Canada, 24291, www.roots.com
Roots Canada, 24291, roots.com
LinkShare UK Affiliate Team, 24274, www.linkshare.com
LinkShare UK Affiliate Team, 24274, linkshare.com
LampsPlus.com, 24278, www.lampsplus.com
LampsPlus.com, 24278, lampsplus.com
MusicSpace.com, 24266, www.musicspace.com
MusicSpace.com, 24266, musicspace.com
yoox.com, 24285, www.yoox.com
yoox.com, 24285, yoox.com
Artful Home, 24250, www.artfulhome.com
Artful Home, 24250, artfulhome.com
Costume SuperCenter, 24240, www.costumesupercenter.com
Costume SuperCenter, 24240, costumesupercenter.com
LinenSource, 24222, linensource.blair.com
LinenSource, 24222, www.linensource.blair.com
Hay House, 24244, www.hayhouse.com
Hay House, 24244, hayhouse.com
Puritan's Pride, 24196, www.puritan.com
Puritan's Pride, 24196, puritan.com
Just Blinds, 24204, www.justblinds.com
Just Blinds, 24204, justblinds.com
HerRoom, 24193, www.herroom.com
HerRoom, 24193, herroom.com
OnlineShoes.com, 14152, www.onlineshoes.com
OnlineShoes.com, 14152, onlineshoes.com
Invitations by Dawn, 14112, www.invitationsbydawn.com
Invitations by Dawn, 14112, invitationsbydawn.com
Fleurop.com, 14154, fleurop.com
Fleurop.com, 14154, www.fleurop.com
Extended Stay Hotels, 24184, www.extendedstayhotels.com
Extended Stay Hotels, 24184, extendedstayhotels.com
InstantCarLoan.com, 14109, instantcarloan.com
InstantCarLoan.com, 14109, www.instantcarloan.com
Chemistry.com, 14089, www.chemistry.com
Chemistry.com, 14089, chemistry.com
Bake Me  A Wish, 14063, www.bakemeawish.com
Bake Me  A Wish, 14063, bakemeawish.com
SecondSpin.com, 14060, www.secondspin.com
SecondSpin.com, 14060, secondspin.com
TigerDirect (CA), 14029, www.tigerdirect.ca
TigerDirect (CA), 14029, tigerdirect.ca
Pingo, 13970, www.pingo.com
Pingo, 13970, pingo.com
Autos.com, 14005, www.autos.com
Autos.com, 14005, autos.com
L'Occitane, 13979, www.loccitane.com
L'Occitane, 13979, loccitane.com
TigerDirect, 14028, www.tigerdirect.com
TigerDirect, 14028, tigerdirect.com
The Body Shop, 13962, www.thebodyshop-usa.com
The Body Shop, 13962, thebodyshop-usa.com
SodaStream (Soda-Club) USA, 13943, www.sodastreamusa.com
SodaStream (Soda-Club) USA, 13943, sodastreamusa.com
Karmaloop.com, 13930, www.karmaloop.com
Karmaloop.com, 13930, karmaloop.com
LEGO Brand Retail, 13923, stores.lego.com
LEGO Brand Retail, 13923, www.stores.lego.com
Casual Male XL, 13922, casual-male-big-and-tall.destinationxl.com
Casual Male XL, 13922, www.casual-male-big-and-tall.destinationxl.com
Select Blinds, 13904, www.selectblinds.com
Select Blinds, 13904, selectblinds.com
Cheryl's, 13875, cheryls.com
Cheryl's, 13875, www.cheryls.com
CCS.com, 13824, shop.ccs.com
CCS.com, 13824, www.shop.ccs.com
AppliancePartsPros.com, 13810, www.appliancepartspros.com
AppliancePartsPros.com, 13810, appliancepartspros.com
Boston Proper, 13861, www.bostonproper.com
Boston Proper, 13861, bostonproper.com
Saks Fifth Avenue, 13816, www.saksfifthavenue.com
Saks Fifth Avenue, 13816, saksfifthavenue.com
AT&T, 13798, www.att.com
AT&T, 13798, att.com
Musicnotes.com, 13770, www.musicnotes.com
Musicnotes.com, 13770, musicnotes.com
Vital Savings by Aetna, 13772, vitalsavings.com
Vital Savings by Aetna, 13772, www.vitalsavings.com
Bidz, 13745, bidz.com
Bidz, 13745, www.bidz.com
Salesgenie, 13736, www.salesgenie.com
Salesgenie, 13736, salesgenie.com
infoUSA, 13734, www.infousa.com
infoUSA, 13734, infousa.com
SpinLife.com, 13638, www.spinlife.com
SpinLife.com, 13638, spinlife.com
Hudson Reed, 13602, www.hudsonreed.com
Hudson Reed, 13602, hudsonreed.com
Match.com, 13668, www.match.com
Match.com, 13668, match.com
Toshiba - Toshibadirect.com, 13589, www.toshibadirect.com
Toshiba - Toshibadirect.com, 13589, toshibadirect.com
Flower.com Flowers, 13581, www.flower.com
Flower.com Flowers, 13581, flower.com
Gaiam - As Seen on TV, 13544, www.couponsaver.org
Gaiam - As Seen on TV, 13544, couponsaver.org
PetSmart, 13565, www.petsmart.com
PetSmart, 13565, petsmart.com
Build.com Inc, 13585, www.build.com
Build.com Inc, 13585, build.com
US iTunes, 13508, www.apple.com
US iTunes, 13508, apple.com
Destination Maternity Corporation, 13559, destinationmaternitycorp.com
Destination Maternity Corporation, 13559, www.destinationmaternitycorp.com
Alloy.com, 13504, www.alloy.com
Alloy.com, 13504, alloy.com
MilitaryClothing.com, 13502, militaryclothing.com
MilitaryClothing.com, 13502, www.militaryclothing.com
Vision Direct Contacts, 3458, www.visiondirect.com
Vision Direct Contacts, 3458, visiondirect.com
NutriSystem, 3454, www.nutrisystem.com
NutriSystem, 3454, nutrisystem.com
Waterford, 3470, www.waterfordwedgwood.com
Waterford, 3470, waterfordwedgwood.com
Perfume Worldwide, 3434, perfume-worldwide.com
Perfume Worldwide, 3434, www.perfume-worldwide.com
Fingerhut Direct Marketing, 3437, www.fingerhut.com
Fingerhut Direct Marketing, 3437, fingerhut.com
Blinds.com, 3432, www.blinds.com
Blinds.com, 3432, blinds.com
Stacy Adams, 3383, www.stacyadams.com
Stacy Adams, 3383, stacyadams.com
Florsheim, 3382, www.florsheim.com
Florsheim, 3382, florsheim.com
Knetgolf.com, 3348, www.knetgolf.com
Knetgolf.com, 3348, knetgolf.com
PersonalizationMall.com, 3346, www.personalizationmall.com
PersonalizationMall.com, 3346, personalizationmall.com
Camping World, 3332, www.campingworld.com
Camping World, 3332, campingworld.com
eastbay.com, 3342, www.eastbay.com
eastbay.com, 3342, eastbay.com
TimeLife.com, 3318, timelife.com
TimeLife.com, 3318, www.timelife.com
Charles Tyrwhitt, 3307, ctshirts.com
Charles Tyrwhitt, 3307, www.ctshirts.com
macys.com, 3184, www.macys.com
macys.com, 3184, macys.com
4 All Memory, 3248, www.4allmemory.com
4 All Memory, 3248, 4allmemory.com
Dell Canada Inc, 3178, www.dell.ca
Dell Canada Inc, 3178, dell.ca
ChampionUSA.com (Hanesbrands Inc.), 3156, www.championusa.com
ChampionUSA.com (Hanesbrands Inc.), 3156, championusa.com
Roots USA, 3096, usa.roots.com
Roots USA, 3096, www.usa.roots.com
3balls.com, 3085, www.3balls.com
3balls.com, 3085, 3balls.com
Blooms Today, 3026, bloomstoday.com
Blooms Today, 3026, www.bloomstoday.com
Thrifty Rent-A-Car System, 3088, www.thrifty.com
Thrifty Rent-A-Car System, 3088, thrifty.com
Footlocker.com, 3071, www.footlocker.com
Footlocker.com, 3071, footlocker.com
HearthSong, 2920, www.hearthsong.com
HearthSong, 2920, hearthsong.com
SwissOutpost and Swiss Knife Depot, 3004, www.swissoutpost.com
SwissOutpost and Swiss Knife Depot, 3004, swissoutpost.com
Beauty.com, 3002, www.beauty.com
Beauty.com, 3002, beauty.com
Figis, 2984, www.figis.com
Figis, 2984, figis.com
Hello Direct, 2948, www.hellodirect.com
Hello Direct, 2948, hellodirect.com
Magazineline.com, 2904, www.magazineline.com
Magazineline.com, 2904, magazineline.com
Magic Cabin, 2921, www.magiccabin.com
Magic Cabin, 2921, magiccabin.com
The Popcorn Factory, 2901, www.couponmountain.com
The Popcorn Factory, 2901, couponmountain.com
Interstate Batteries.com, 2898, www.interstatebatteries.com
Interstate Batteries.com, 2898, interstatebatteries.com
justmysize.com (Hanesbrands Inc.), 2855, www.justmysize.com
justmysize.com (Hanesbrands Inc.), 2855, justmysize.com
Plow & Hearth, 2848, www.plowhearth.com
Plow & Hearth, 2848, plowhearth.com
Cutter and Buck, 2792, www.cutterbuck.com
Cutter and Buck, 2792, cutterbuck.com
KegWorks.com (Dot Com Holdings of Buffalo, 2776, www.kegworks.com
KegWorks.com (Dot Com Holdings of Buffalo, 2776, kegworks.com
onehanesplace.com (Hanesbrands Inc.), 2856, www.onehanesplace.com
onehanesplace.com (Hanesbrands Inc.), 2856, onehanesplace.com
La Quinta Corporation, 2808, www.lq.com
La Quinta Corporation, 2808, lq.com
drugstore.com, 2762, www.drugstore.com
drugstore.com, 2762, drugstore.com
Relax The Back, 2750, www.relaxtheback.com
Relax The Back, 2750, relaxtheback.com
Veterans Advantage, 2736, www.veteransadvantage.com
Veterans Advantage, 2736, veteransadvantage.com
Stonewall Kitchen, 2661, www.stonewallkitchen.com
Stonewall Kitchen, 2661, stonewallkitchen.com
Alibris: Books, 2653, www.alibris.com
Alibris: Books, 2653, alibris.com
Buckle.com, 2652, www.buckle.com
Buckle.com, 2652, buckle.com
Guthy Renker Corporation, 2637, www.guthy-renker.com
Guthy Renker Corporation, 2637, guthy-renker.com
Sierra Trading Post, 2640, www.sierratradingpost.com
Sierra Trading Post, 2640, sierratradingpost.com
Come To Buy, 2635, www.ctb123.net
Come To Buy, 2635, ctb123.net
SeaBear Smokehouse, 2617, www.seabear.com
SeaBear Smokehouse, 2617, seabear.com
International Jock, 2513, www.internationaljock.com
International Jock, 2513, internationaljock.com
National Business Furniture, 2456, www.nationalbusinessfurniture.com
National Business Furniture, 2456, nationalbusinessfurniture.com
David's Cookies, 2337, davidscookies.com
David's Cookies, 2337, www.davidscookies.com
Gaiam.com, 2311, www.gaiam.com
Gaiam.com, 2311, gaiam.com
Lillian Vernon, 2305, www.lillianvernon.com
Lillian Vernon, 2305, lillianvernon.com
Colorful Images, 2293, www.colorfulimages.com
Colorful Images, 2293, colorfulimages.com
Coldwater Creek, 2285, www.coldwatercreek.com
Coldwater Creek, 2285, coldwatercreek.com
Fujitsu America, 2208, www.fujitsu.com
Fujitsu America, 2208, fujitsu.com
Wal-Mart.com USA, 2149, walmart.com
Wal-Mart.com USA, 2149, www.walmart.com
Limoges Jewelry, 2142, www.limogesjewelry.com
Limoges Jewelry, 2142, limogesjewelry.com
tabasco.com (McIlhenny Company), 2061, www.tabasco.com
tabasco.com (McIlhenny Company), 2061, tabasco.com
Szul.com, 1617, www.szul.com
Szul.com, 1617, szul.com
Bare Necessities, 1623, www.barenecessities.com
Bare Necessities, 1623, barenecessities.com
Smarthome, 1845, www.smarthome.com
Smarthome, 1845, smarthome.com
Register.com, 1825, www.register.com
Register.com, 1825, register.com
Shutterfly.com, 2069, www.shutterfly.com
Shutterfly.com, 2069, shutterfly.com
wine.com, 2025, www.wine.com
wine.com, 2025, wine.com
Hotwire US, 2043, www.hotwire.com
Hotwire US, 2043, hotwire.com
Sierra Club, 2047, www.sierraclub.org
Sierra Club, 2047, sierraclub.org
GiftBaskets.com, 1716, www.giftbaskets.com
GiftBaskets.com, 1716, giftbaskets.com
FORZIERI.com, 1805, www.forzieri.com
FORZIERI.com, 1805, forzieri.com
Golfballs.com, 2119, www.golfballs.com
Golfballs.com, 2119, golfballs.com
Things Remembered, 1866, www.thingsremembered.com
Things Remembered, 1866, thingsremembered.com
1-800-PetMeds, 2101, www.1800petmeds.com
1-800-PetMeds, 2101, 1800petmeds.com
Enterprise Rent-A-Car, 1695, www.enterprise.com
Enterprise Rent-A-Car, 1695, enterprise.com
DERMAdoctor.com, 1787, www.dermadoctor.com
DERMAdoctor.com, 1787, dermadoctor.com
UncommonGoods, 1961, www.uncommongoods.com
UncommonGoods, 1961, uncommongoods.com
Luggage OnLine, 1565, www.luggageonline.com
Luggage OnLine, 1565, luggageonline.com
Officefurniture.com, 1519, www.officefurniture.com
Officefurniture.com, 1519, officefurniture.com
GigaGolf, 1493, www.gigagolf.com
GigaGolf, 1493, gigagolf.com
NORDSTROM.com, 1237, shop.nordstrom.com
NORDSTROM.com, 1237, www.shop.nordstrom.com
MyPlay Direct, 1285, www.myplay.com
MyPlay Direct, 1285, myplay.com
Tactics.com, 1280, www.tactics.com
Tactics.com, 1280, tactics.com
Medifocus.com, 1431, medifocusinc.com
Medifocus.com, 1431, www.medifocusinc.com
Franklin Mint, 1263, www.franklinmint.com
Franklin Mint, 1263, franklinmint.com
Vitacost.com, 1155, www.vitacost.com
Vitacost.com, 1155, vitacost.com
Magazines.com, 1154, www.magazinesinc.com
Magazines.com, 1154, magazinesinc.com
BeadRoom.com, 1139, beadroom.com
BeadRoom.com, 1139, www.beadroom.com
J&R Computer/Music World, 1145, www.jr.com
J&R Computer/Music World, 1145, jr.com
ICE.com, 1110, www.ice.com
ICE.com, 1110, ice.com
Smallflower.com, 1108, www.smallflower.com
Smallflower.com, 1108, smallflower.com
CarsDirect.com, 1023, www.carsdirect.com
CarsDirect.com, 1023, carsdirect.com
McAfee, 1106, www.mcafee.com
McAfee, 1106, mcafee.com
Gardener's Supply Company, 982, www.gardeners.com
Gardener's Supply Company, 982, gardeners.com
Frenchtoast.com, 836, www.frenchtoast.com
Frenchtoast.com, 836, frenchtoast.com
Advanced Response, 828, advanced-response.com
Advanced Response, 828, www.advanced-response.com
Sharper Image, 815, www.sharperimage.com
Sharper Image, 815, sharperimage.com
JCPenney, 788, www.jcpenney.com
JCPenney, 788, jcpenney.com
1800flowers.com, 773, www.1800flowers.com
1800flowers.com, 773, 1800flowers.com
Paul Fredrick MenStyle, 775, www.paulfredrick.com
Paul Fredrick MenStyle, 775, paulfredrick.com
dELiA*s, 768, store.delias.com
dELiA*s, 768, www.store.delias.com
LinkShare  Referral  Program, 560, www.linkshare.com
LinkShare  Referral  Program, 560, linkshare.com
FragranceNet.com, 216, www.fragrancenet.com
FragranceNet.com, 216, fragrancenet.com
OmahaSteaks.com, 147, www.omahasteaks.com
OmahaSteaks.com, 147, omahasteaks.com
LandscapeUSA.com, 133, www.landscape.com
LandscapeUSA.com, 133, landscape.com
Avon, 122, www.avon.com
Avon, 122, avon.com
